name,email,password
Savanna Hackett,savanna.hackett1@testes.com,pwd123
Doyle Bailey,doyle.bailey2@testes.com,pwd123
Marjorie Goodwin,marjorie.goodwin3@testes.com,pwd123
Bailee Schoen,bailee.schoen4@testes.com,pwd123
Sheila Blanda,sheila.blanda5@testes.com,pwd123
Norwood Wilkinson,norwood.wilkinson6@testes.com,pwd123
Debra Littel,debra.littel7@testes.com,pwd123
Lynne Bednar,lynne.bednar8@testes.com,pwd123
Vida Pouros,vida.pouros9@testes.com,pwd123
Fernando McDermott,fernando.mcdermott10@testes.com,pwd123
James Schneider,james.schneider11@testes.com,pwd123
Quinton West-Emmerich,quinton.west-emmerich12@testes.com,pwd123
Walter Pouros,walter.pouros13@testes.com,pwd123
Owen Kuhlman,owen.kuhlman14@testes.com,pwd123
Una Abshire,una.abshire15@testes.com,pwd123
Krystal Rice,krystal.rice16@testes.com,pwd123
Tasha McDermott,tasha.mcdermott17@testes.com,pwd123
Tasha Schaefer,tasha.schaefer18@testes.com,pwd123
Clemmie Wilderman,clemmie.wilderman19@testes.com,pwd123
Christian Johns,christian.johns20@testes.com,pwd123
Milford Hintz-Hirthe,milford.hintz-hirthe21@testes.com,pwd123
Ashley Kulas,ashley.kulas22@testes.com,pwd123
Marion Rice,marion.rice23@testes.com,pwd123
Annamae Wehner,annamae.wehner24@testes.com,pwd123
James Farrell,james.farrell25@testes.com,pwd123
Russ Friesen,russ.friesen26@testes.com,pwd123
Maynard Gorczany-Trantow,maynard.gorczany-trantow27@testes.com,pwd123
Henrietta Skiles,henrietta.skiles28@testes.com,pwd123
Tomas Torphy,tomas.torphy29@testes.com,pwd123
Aliyah Mitchell,aliyah.mitchell30@testes.com,pwd123
Kenyatta Zulauf-Skiles,kenyatta.zulauf-skiles31@testes.com,pwd123
Jeffrey Borer,jeffrey.borer32@testes.com,pwd123
Grover Lockman-Haley,grover.lockman-haley33@testes.com,pwd123
Jaylan Metz,jaylan.metz34@testes.com,pwd123
Erin Volkman,erin.volkman35@testes.com,pwd123
Ernest Hilpert,ernest.hilpert36@testes.com,pwd123
Wilfred Mayert,wilfred.mayert37@testes.com,pwd123
Vicky Zemlak,vicky.zemlak38@testes.com,pwd123
Kenny Schowalter,kenny.schowalter39@testes.com,pwd123
Adrienne Cartwright,adrienne.cartwright40@testes.com,pwd123
Irma Armstrong-Anderson,irma.armstrong-anderson41@testes.com,pwd123
Roxanne Crona,roxanne.crona42@testes.com,pwd123
Hope Braun,hope.braun43@testes.com,pwd123
Samantha Raynor,samantha.raynor44@testes.com,pwd123
Tom Lubowitz,tom.lubowitz45@testes.com,pwd123
Andres Stanton,andres.stanton46@testes.com,pwd123
Gerson Ratke,gerson.ratke47@testes.com,pwd123
Kyle Berge,kyle.berge48@testes.com,pwd123
Kaelyn Moen,kaelyn.moen49@testes.com,pwd123
Jacob Hand,jacob.hand50@testes.com,pwd123
Kayla Green,kayla.green51@testes.com,pwd123
Constance Jenkins,constance.jenkins52@testes.com,pwd123
Armando Weissnat,armando.weissnat53@testes.com,pwd123
Citlalli Hintz,citlalli.hintz54@testes.com,pwd123
Anne Zemlak,anne.zemlak55@testes.com,pwd123
Laurianne Weber,laurianne.weber56@testes.com,pwd123
Mark Schmitt,mark.schmitt57@testes.com,pwd123
Doug Hagenes-Price,doug.hagenes-price58@testes.com,pwd123
Katlynn Mohr,katlynn.mohr59@testes.com,pwd123
Ashleigh Gulgowski,ashleigh.gulgowski60@testes.com,pwd123
Berenice Klocko,berenice.klocko61@testes.com,pwd123
Rhett Turcotte,rhett.turcotte62@testes.com,pwd123
Pamela Nitzsche,pamela.nitzsche63@testes.com,pwd123
Rochelle Rogahn,rochelle.rogahn64@testes.com,pwd123
Louisa Towne,louisa.towne65@testes.com,pwd123
Shemar Homenick,shemar.homenick66@testes.com,pwd123
Paris Hauck,paris.hauck67@testes.com,pwd123
Sibyl Pollich,sibyl.pollich68@testes.com,pwd123
Cesar Rolfson,cesar.rolfson69@testes.com,pwd123
Joan Flatley,joan.flatley70@testes.com,pwd123
Joey Kertzmann,joey.kertzmann71@testes.com,pwd123
Blanca Wisoky,blanca.wisoky72@testes.com,pwd123
Cordie Schneider,cordie.schneider73@testes.com,pwd123
Katelin King,katelin.king74@testes.com,pwd123
Bennett Becker,bennett.becker75@testes.com,pwd123
Jared Hills,jared.hills76@testes.com,pwd123
Lisa Zieme,lisa.zieme77@testes.com,pwd123
Tara Mohr,tara.mohr78@testes.com,pwd123
Christie McDermott,christie.mcdermott79@testes.com,pwd123
Bernard Kerluke,bernard.kerluke80@testes.com,pwd123
Elisha Keeling,elisha.keeling81@testes.com,pwd123
Geraldine Cassin,geraldine.cassin82@testes.com,pwd123
Paris Sanford,paris.sanford83@testes.com,pwd123
Bailee Purdy-Bechtelar,bailee.purdy-bechtelar84@testes.com,pwd123
Claudia Jerde-Jacobs,claudia.jerde-jacobs85@testes.com,pwd123
Chadrick Mraz,chadrick.mraz86@testes.com,pwd123
Cecilia Little,cecilia.little87@testes.com,pwd123
Kaitlin Lemke,kaitlin.lemke88@testes.com,pwd123
Evan Bosco,evan.bosco89@testes.com,pwd123
Mark Herman,mark.herman90@testes.com,pwd123
Ronald Sawayn,ronald.sawayn91@testes.com,pwd123
Gregg Stamm,gregg.stamm92@testes.com,pwd123
Janiya Labadie,janiya.labadie93@testes.com,pwd123
Maynard Feil,maynard.feil94@testes.com,pwd123
Wilber Weimann,wilber.weimann95@testes.com,pwd123
Luke Cole,luke.cole96@testes.com,pwd123
Mona Breitenberg,mona.breitenberg97@testes.com,pwd123
Nick Wilderman,nick.wilderman98@testes.com,pwd123
Chet Marquardt,chet.marquardt99@testes.com,pwd123
Brianne Muller,brianne.muller100@testes.com,pwd123
Tricia Herman,tricia.herman101@testes.com,pwd123
Marcus Douglas,marcus.douglas102@testes.com,pwd123
Bertha Leffler,bertha.leffler103@testes.com,pwd123
Katelynn Bradtke,katelynn.bradtke104@testes.com,pwd123
Willis Flatley,willis.flatley105@testes.com,pwd123
Alvin Jast,alvin.jast106@testes.com,pwd123
Gideon O'Conner,gideon.oconner107@testes.com,pwd123
Marjolaine Pacocha,marjolaine.pacocha108@testes.com,pwd123
Christina Parker,christina.parker109@testes.com,pwd123
Grady Dibbert,grady.dibbert110@testes.com,pwd123
Elena Ruecker,elena.ruecker111@testes.com,pwd123
Ryann Glover,ryann.glover112@testes.com,pwd123
Lucia Bailey,lucia.bailey113@testes.com,pwd123
Tasha Roberts,tasha.roberts114@testes.com,pwd123
Chad Mitchell,chad.mitchell115@testes.com,pwd123
Timmy Kiehn,timmy.kiehn116@testes.com,pwd123
Angel Fisher,angel.fisher117@testes.com,pwd123
Trinity Beatty-Kuhlman,trinity.beatty-kuhlman118@testes.com,pwd123
Orlando Gulgowski,orlando.gulgowski119@testes.com,pwd123
Eduardo Vandervort,eduardo.vandervort120@testes.com,pwd123
Jannie Effertz,jannie.effertz121@testes.com,pwd123
Nathan Denesik,nathan.denesik122@testes.com,pwd123
Abbigail Zemlak,abbigail.zemlak123@testes.com,pwd123
Santiago Moen,santiago.moen124@testes.com,pwd123
Alvis Williamson,alvis.williamson125@testes.com,pwd123
Jesse Runolfsson-Towne,jesse.runolfsson-towne126@testes.com,pwd123
Lisa Weimann,lisa.weimann127@testes.com,pwd123
Vicenta Rohan,vicenta.rohan128@testes.com,pwd123
Antonia Kub,antonia.kub129@testes.com,pwd123
Roslyn Erdman,roslyn.erdman130@testes.com,pwd123
Tyrone Rutherford,tyrone.rutherford131@testes.com,pwd123
Armani Collier,armani.collier132@testes.com,pwd123
Hazel Homenick,hazel.homenick133@testes.com,pwd123
Clay Kunde,clay.kunde134@testes.com,pwd123
Joshua Goyette,joshua.goyette135@testes.com,pwd123
Dejuan Anderson,dejuan.anderson136@testes.com,pwd123
Sydney Dicki,sydney.dicki137@testes.com,pwd123
Wanda Reinger,wanda.reinger138@testes.com,pwd123
Gudrun Veum,gudrun.veum139@testes.com,pwd123
Robin Dickinson,robin.dickinson140@testes.com,pwd123
Bella Quitzon,bella.quitzon141@testes.com,pwd123
Nia Bechtelar,nia.bechtelar142@testes.com,pwd123
Holly Schmeler,holly.schmeler143@testes.com,pwd123
Darin Kautzer,darin.kautzer144@testes.com,pwd123
Vivienne Auer,vivienne.auer145@testes.com,pwd123
Eldon Marks,eldon.marks146@testes.com,pwd123
Liana O'Keefe,liana.okeefe147@testes.com,pwd123
Samantha Botsford,samantha.botsford148@testes.com,pwd123
Blanca Conn,blanca.conn149@testes.com,pwd123
Ethel Wisoky,ethel.wisoky150@testes.com,pwd123
Ebony Turcotte,ebony.turcotte151@testes.com,pwd123
Russ Bartell,russ.bartell152@testes.com,pwd123
Kylee Mills,kylee.mills153@testes.com,pwd123
Tyrique Bechtelar,tyrique.bechtelar154@testes.com,pwd123
Alfredo Lebsack,alfredo.lebsack155@testes.com,pwd123
Delores Koepp,delores.koepp156@testes.com,pwd123
Jacob Wyman,jacob.wyman157@testes.com,pwd123
Jordane Brakus,jordane.brakus158@testes.com,pwd123
Kathryn Jacobs,kathryn.jacobs159@testes.com,pwd123
Lorene Jacobi,lorene.jacobi160@testes.com,pwd123
Lola Johns,lola.johns161@testes.com,pwd123
Modesta Hyatt,modesta.hyatt162@testes.com,pwd123
Blanca Reilly,blanca.reilly163@testes.com,pwd123
Sharon Botsford,sharon.botsford164@testes.com,pwd123
Naomie Walter,naomie.walter165@testes.com,pwd123
Myriam Lynch,myriam.lynch166@testes.com,pwd123
Ivan Jerde,ivan.jerde167@testes.com,pwd123
Icie Boyle,icie.boyle168@testes.com,pwd123
Blanche Beier,blanche.beier169@testes.com,pwd123
Woodrow Stracke,woodrow.stracke170@testes.com,pwd123
Marta Bednar,marta.bednar171@testes.com,pwd123
Everett O'Hara,everett.ohara172@testes.com,pwd123
Marquise Emmerich,marquise.emmerich173@testes.com,pwd123
Pearline Feeney,pearline.feeney174@testes.com,pwd123
Jalen Leuschke,jalen.leuschke175@testes.com,pwd123
Darrin Terry,darrin.terry176@testes.com,pwd123
Deanna Goodwin,deanna.goodwin177@testes.com,pwd123
Helena Hayes,helena.hayes178@testes.com,pwd123
Caleigh Cormier,caleigh.cormier179@testes.com,pwd123
Maiya Herman,maiya.herman180@testes.com,pwd123
Roger Sawayn,roger.sawayn181@testes.com,pwd123
Yesenia Zemlak,yesenia.zemlak182@testes.com,pwd123
Lula Gusikowski,lula.gusikowski183@testes.com,pwd123
Diana Quigley,diana.quigley184@testes.com,pwd123
Irene Walsh,irene.walsh185@testes.com,pwd123
Nikolas Von,nikolas.von186@testes.com,pwd123
Coby Roob,coby.roob187@testes.com,pwd123
Elwin Yundt,elwin.yundt188@testes.com,pwd123
Jodi Dooley,jodi.dooley189@testes.com,pwd123
Jeanne Ferry,jeanne.ferry190@testes.com,pwd123
Pablo Nikolaus,pablo.nikolaus191@testes.com,pwd123
Marvin Kihn,marvin.kihn192@testes.com,pwd123
Lois Mertz,lois.mertz193@testes.com,pwd123
Cora Robel,cora.robel194@testes.com,pwd123
Camilla Nicolas,camilla.nicolas195@testes.com,pwd123
Rogelio VonRueden,rogelio.vonrueden196@testes.com,pwd123
Verdie Schamberger,verdie.schamberger197@testes.com,pwd123
Laverna Lakin,laverna.lakin198@testes.com,pwd123
Marcia Littel,marcia.littel199@testes.com,pwd123
Beatrice Harvey,beatrice.harvey200@testes.com,pwd123
Rogelio Cormier,rogelio.cormier201@testes.com,pwd123
Rosalie Leannon,rosalie.leannon202@testes.com,pwd123
Raphael Hettinger,raphael.hettinger203@testes.com,pwd123
Renee Prohaska,renee.prohaska204@testes.com,pwd123
Elijah Nitzsche,elijah.nitzsche205@testes.com,pwd123
Andrew Kutch,andrew.kutch206@testes.com,pwd123
Muhammad Wintheiser,muhammad.wintheiser207@testes.com,pwd123
Morris Mann,morris.mann208@testes.com,pwd123
Stephanie Terry,stephanie.terry209@testes.com,pwd123
Zaria Harvey,zaria.harvey210@testes.com,pwd123
Ola Balistreri,ola.balistreri211@testes.com,pwd123
Richard Wilkinson,richard.wilkinson212@testes.com,pwd123
Sadie Windler,sadie.windler213@testes.com,pwd123
Rogelio Hilll,rogelio.hilll214@testes.com,pwd123
Hilda Kozey,hilda.kozey215@testes.com,pwd123
Arden Franecki,arden.franecki216@testes.com,pwd123
Erich MacGyver,erich.macgyver217@testes.com,pwd123
Syble Towne,syble.towne218@testes.com,pwd123
Celia Leannon,celia.leannon219@testes.com,pwd123
Susie Brown,susie.brown220@testes.com,pwd123
Claudine Orn,claudine.orn221@testes.com,pwd123
Alice Stark,alice.stark222@testes.com,pwd123
Trevor Raynor,trevor.raynor223@testes.com,pwd123
Jordyn Bradtke,jordyn.bradtke224@testes.com,pwd123
Gina Ratke,gina.ratke225@testes.com,pwd123
Jill Barton,jill.barton226@testes.com,pwd123
Jaylon McLaughlin,jaylon.mclaughlin227@testes.com,pwd123
Benny Kunde,benny.kunde228@testes.com,pwd123
Arno Hackett-Marquardt,arno.hackett-marquardt229@testes.com,pwd123
Elvie Littel,elvie.littel230@testes.com,pwd123
Jared Ortiz,jared.ortiz231@testes.com,pwd123
Dan Spencer,dan.spencer232@testes.com,pwd123
Lula Fritsch,lula.fritsch233@testes.com,pwd123
Garret Leannon,garret.leannon234@testes.com,pwd123
Tracey Koch-Mayert,tracey.koch-mayert235@testes.com,pwd123
Mackenzie O'Reilly,mackenzie.oreilly236@testes.com,pwd123
Brennon Weimann,brennon.weimann237@testes.com,pwd123
Cristina Kuhn,cristina.kuhn238@testes.com,pwd123
Rex Kling,rex.kling239@testes.com,pwd123
Victoria Adams,victoria.adams240@testes.com,pwd123
Arnold Emmerich,arnold.emmerich241@testes.com,pwd123
Patsy Macejkovic,patsy.macejkovic242@testes.com,pwd123
Kaylie Oberbrunner,kaylie.oberbrunner243@testes.com,pwd123
Janie Gutkowski,janie.gutkowski244@testes.com,pwd123
Antonia Miller,antonia.miller245@testes.com,pwd123
Maud Johnson,maud.johnson246@testes.com,pwd123
Kiley Torphy,kiley.torphy247@testes.com,pwd123
Laverna Mohr,laverna.mohr248@testes.com,pwd123
Colten Pagac,colten.pagac249@testes.com,pwd123
Howard Borer,howard.borer250@testes.com,pwd123
Chasity Krajcik,chasity.krajcik251@testes.com,pwd123
Carl Hilpert,carl.hilpert252@testes.com,pwd123
Devon Kohler,devon.kohler253@testes.com,pwd123
Emmanuelle Kulas,emmanuelle.kulas254@testes.com,pwd123
Crystel Hermann,crystel.hermann255@testes.com,pwd123
Granville Funk,granville.funk256@testes.com,pwd123
Emmy Harvey,emmy.harvey257@testes.com,pwd123
Katherine Hane,katherine.hane258@testes.com,pwd123
Trever Jacobi,trever.jacobi259@testes.com,pwd123
Myrtis Deckow,myrtis.deckow260@testes.com,pwd123
Phillip Emmerich,phillip.emmerich261@testes.com,pwd123
Dale Shanahan,dale.shanahan262@testes.com,pwd123
Tanner Koepp,tanner.koepp263@testes.com,pwd123
Elenor Hamill,elenor.hamill264@testes.com,pwd123
Hugh Hansen,hugh.hansen265@testes.com,pwd123
Alford Feil-Jenkins,alford.feil-jenkins266@testes.com,pwd123
Cordelia Kreiger,cordelia.kreiger267@testes.com,pwd123
Dianne Sauer,dianne.sauer268@testes.com,pwd123
Earnest Reichert,earnest.reichert269@testes.com,pwd123
Eileen Berge,eileen.berge270@testes.com,pwd123
Flora Fisher,flora.fisher271@testes.com,pwd123
Veronica Reinger-Stehr,veronica.reinger-stehr272@testes.com,pwd123
Perry McDermott,perry.mcdermott273@testes.com,pwd123
Austin Feest,austin.feest274@testes.com,pwd123
Nathan Weber,nathan.weber275@testes.com,pwd123
Philip Hirthe,philip.hirthe276@testes.com,pwd123
Kaylah Wisoky,kaylah.wisoky277@testes.com,pwd123
Patty Ortiz,patty.ortiz278@testes.com,pwd123
Dena Jenkins,dena.jenkins279@testes.com,pwd123
Arlene Hirthe,arlene.hirthe280@testes.com,pwd123
Archie Hartmann,archie.hartmann281@testes.com,pwd123
Conrad Collier,conrad.collier282@testes.com,pwd123
Perry Goyette,perry.goyette283@testes.com,pwd123
Simon Koelpin,simon.koelpin284@testes.com,pwd123
Rusty Moen,rusty.moen285@testes.com,pwd123
Elijah Smitham,elijah.smitham286@testes.com,pwd123
Newell Predovic,newell.predovic287@testes.com,pwd123
Davon Zulauf-Greenholt,davon.zulauf-greenholt288@testes.com,pwd123
Kyle Hoeger,kyle.hoeger289@testes.com,pwd123
Maggie Mertz,maggie.mertz290@testes.com,pwd123
Derick Considine,derick.considine291@testes.com,pwd123
Reinhold Zemlak,reinhold.zemlak292@testes.com,pwd123
Madilyn Weber,madilyn.weber293@testes.com,pwd123
Anne Frami,anne.frami294@testes.com,pwd123
Darrin Ankunding,darrin.ankunding295@testes.com,pwd123
Virgil Koch,virgil.koch296@testes.com,pwd123
Kyler Maggio,kyler.maggio297@testes.com,pwd123
Zechariah Kessler,zechariah.kessler298@testes.com,pwd123
Ima Heathcote,ima.heathcote299@testes.com,pwd123
Kathleen Brown,kathleen.brown300@testes.com,pwd123
Bryant Kovacek,bryant.kovacek301@testes.com,pwd123
Marvin Mayert,marvin.mayert302@testes.com,pwd123
Dawn Weimann,dawn.weimann303@testes.com,pwd123
Savion Haley,savion.haley304@testes.com,pwd123
Stone Corwin,stone.corwin305@testes.com,pwd123
Darryl Kohler,darryl.kohler306@testes.com,pwd123
Melinda Hirthe,melinda.hirthe307@testes.com,pwd123
Johnathan Bins,johnathan.bins308@testes.com,pwd123
Tabitha Adams,tabitha.adams309@testes.com,pwd123
Josiah Terry-Lockman,josiah.terry-lockman310@testes.com,pwd123
Brayan Conn,brayan.conn311@testes.com,pwd123
Ashlynn Nicolas,ashlynn.nicolas312@testes.com,pwd123
Adolphus Ortiz,adolphus.ortiz313@testes.com,pwd123
Israel Kris,israel.kris314@testes.com,pwd123
Brooke White,brooke.white315@testes.com,pwd123
George Considine,george.considine316@testes.com,pwd123
Sarah Bradtke,sarah.bradtke317@testes.com,pwd123
Jeanne Rodriguez-Klocko,jeanne.rodriguez-klocko318@testes.com,pwd123
Sammy Ernser,sammy.ernser319@testes.com,pwd123
Maureen Ward,maureen.ward320@testes.com,pwd123
Nancy Gerhold,nancy.gerhold321@testes.com,pwd123
Dedric Kutch,dedric.kutch322@testes.com,pwd123
Ryan King,ryan.king323@testes.com,pwd123
Rowland Robel,rowland.robel324@testes.com,pwd123
Mose Auer,mose.auer325@testes.com,pwd123
Melvina Stark,melvina.stark326@testes.com,pwd123
Okey Runte,okey.runte327@testes.com,pwd123
Christie Parker,christie.parker328@testes.com,pwd123
Anabel Purdy,anabel.purdy329@testes.com,pwd123
Donna Leuschke,donna.leuschke330@testes.com,pwd123
Annamarie Krajcik,annamarie.krajcik331@testes.com,pwd123
Douglas Corkery,douglas.corkery332@testes.com,pwd123
Sheri Marquardt,sheri.marquardt333@testes.com,pwd123
Louis Heller,louis.heller334@testes.com,pwd123
Darrion Von,darrion.von335@testes.com,pwd123
Stephen Stamm,stephen.stamm336@testes.com,pwd123
Gabrielle McDermott,gabrielle.mcdermott337@testes.com,pwd123
Saul Muller,saul.muller338@testes.com,pwd123
Wesley Schaden,wesley.schaden339@testes.com,pwd123
Carmen Wolf,carmen.wolf340@testes.com,pwd123
Jarrett Boyle,jarrett.boyle341@testes.com,pwd123
Mose Rutherford,mose.rutherford342@testes.com,pwd123
Mathias Terry,mathias.terry343@testes.com,pwd123
Bernice Rempel,bernice.rempel344@testes.com,pwd123
Alexis VonRueden,alexis.vonrueden345@testes.com,pwd123
Isaiah Schmidt,isaiah.schmidt346@testes.com,pwd123
Bennie Cole-Kuhic,bennie.cole-kuhic347@testes.com,pwd123
Samantha Hoppe,samantha.hoppe348@testes.com,pwd123
Vicky Beatty,vicky.beatty349@testes.com,pwd123
Donna Mohr,donna.mohr350@testes.com,pwd123
Morgan Block,morgan.block351@testes.com,pwd123
Anna Schimmel,anna.schimmel352@testes.com,pwd123
Jed Reichel,jed.reichel353@testes.com,pwd123
Mellie Turner,mellie.turner354@testes.com,pwd123
Rosemary Hoeger,rosemary.hoeger355@testes.com,pwd123
Dandre Kautzer,dandre.kautzer356@testes.com,pwd123
Louie Kuvalis,louie.kuvalis357@testes.com,pwd123
Geoffrey Wintheiser,geoffrey.wintheiser358@testes.com,pwd123
Maxine Kling,maxine.kling359@testes.com,pwd123
Rosanna Adams,rosanna.adams360@testes.com,pwd123
Alford Cremin,alford.cremin361@testes.com,pwd123
Hubert Sporer,hubert.sporer362@testes.com,pwd123
Paxton Barton,paxton.barton363@testes.com,pwd123
Fannie Morissette,fannie.morissette364@testes.com,pwd123
Kaleb Mayer,kaleb.mayer365@testes.com,pwd123
Nathan Runolfsdottir,nathan.runolfsdottir366@testes.com,pwd123
Giovani Bahringer,giovani.bahringer367@testes.com,pwd123
Christine Brakus,christine.brakus368@testes.com,pwd123
Maudie Wuckert,maudie.wuckert369@testes.com,pwd123
Ray Thompson,ray.thompson370@testes.com,pwd123
Mona Fisher,mona.fisher371@testes.com,pwd123
Hugo O'Conner,hugo.oconner372@testes.com,pwd123
Ottis Kilback,ottis.kilback373@testes.com,pwd123
Brown Bins,brown.bins374@testes.com,pwd123
Myrtie Lesch,myrtie.lesch375@testes.com,pwd123
Penny Paucek,penny.paucek376@testes.com,pwd123
Laury Huel,laury.huel377@testes.com,pwd123
Joshua Schroeder,joshua.schroeder378@testes.com,pwd123
Taylor Wisoky,taylor.wisoky379@testes.com,pwd123
Dale Grady,dale.grady380@testes.com,pwd123
Madelyn Mohr,madelyn.mohr381@testes.com,pwd123
Berta MacGyver-Grant,berta.macgyver-grant382@testes.com,pwd123
Weldon Lesch,weldon.lesch383@testes.com,pwd123
Sydni Jast,sydni.jast384@testes.com,pwd123
Luke Friesen,luke.friesen385@testes.com,pwd123
Alyson Lang,alyson.lang386@testes.com,pwd123
Zachary Lemke,zachary.lemke387@testes.com,pwd123
Candido Macejkovic,candido.macejkovic388@testes.com,pwd123
Andreanne Monahan,andreanne.monahan389@testes.com,pwd123
Murl Trantow,murl.trantow390@testes.com,pwd123
Sherman Kuvalis,sherman.kuvalis391@testes.com,pwd123
Chelsea Gibson,chelsea.gibson392@testes.com,pwd123
Reagan Treutel,reagan.treutel393@testes.com,pwd123
Jewel Jerde,jewel.jerde394@testes.com,pwd123
Pauline Wisozk,pauline.wisozk395@testes.com,pwd123
Karla Hessel,karla.hessel396@testes.com,pwd123
Rodney Mayer-Lindgren,rodney.mayer-lindgren397@testes.com,pwd123
Joanne Spencer,joanne.spencer398@testes.com,pwd123
Kari Jaskolski,kari.jaskolski399@testes.com,pwd123
Keely Thompson,keely.thompson400@testes.com,pwd123
Sonja Goodwin,sonja.goodwin401@testes.com,pwd123
Pedro Senger,pedro.senger402@testes.com,pwd123
Santiago Mitchell,santiago.mitchell403@testes.com,pwd123
Dominick Swift,dominick.swift404@testes.com,pwd123
Ramon Boehm,ramon.boehm405@testes.com,pwd123
Dillon Bashirian,dillon.bashirian406@testes.com,pwd123
Leah Sawayn,leah.sawayn407@testes.com,pwd123
Alvena Krajcik,alvena.krajcik408@testes.com,pwd123
Nathen Zulauf,nathen.zulauf409@testes.com,pwd123
Damien Kling,damien.kling410@testes.com,pwd123
Tomas Rice,tomas.rice411@testes.com,pwd123
Uriel Okuneva,uriel.okuneva412@testes.com,pwd123
Melvina Fahey,melvina.fahey413@testes.com,pwd123
Yvonne Flatley,yvonne.flatley414@testes.com,pwd123
Julien Kulas,julien.kulas415@testes.com,pwd123
Fern Conn,fern.conn416@testes.com,pwd123
Norbert Mraz,norbert.mraz417@testes.com,pwd123
Cristian Weber,cristian.weber418@testes.com,pwd123
Adolf Feest,adolf.feest419@testes.com,pwd123
Maxie Sporer,maxie.sporer420@testes.com,pwd123
Antonia Macejkovic,antonia.macejkovic421@testes.com,pwd123
Alicia Tillman,alicia.tillman422@testes.com,pwd123
Dwight Ledner,dwight.ledner423@testes.com,pwd123
Erwin Jast,erwin.jast424@testes.com,pwd123
Camron Weissnat-Bins,camron.weissnat-bins425@testes.com,pwd123
Gene Davis,gene.davis426@testes.com,pwd123
Blake Deckow,blake.deckow427@testes.com,pwd123
Tommie Muller,tommie.muller428@testes.com,pwd123
Dewey Schuppe,dewey.schuppe429@testes.com,pwd123
Mariana Swift,mariana.swift430@testes.com,pwd123
Delilah Mayert,delilah.mayert431@testes.com,pwd123
Jeremiah Weissnat,jeremiah.weissnat432@testes.com,pwd123
Efrain Farrell,efrain.farrell433@testes.com,pwd123
Shawna Walker,shawna.walker434@testes.com,pwd123
Krista Schaefer,krista.schaefer435@testes.com,pwd123
Paula Schumm,paula.schumm436@testes.com,pwd123
Buck Schulist,buck.schulist437@testes.com,pwd123
Emiliano Lueilwitz,emiliano.lueilwitz438@testes.com,pwd123
Madie Witting,madie.witting439@testes.com,pwd123
Russell Doyle,russell.doyle440@testes.com,pwd123
Erik Thiel,erik.thiel441@testes.com,pwd123
Muriel Deckow,muriel.deckow442@testes.com,pwd123
Reanna Nicolas-Brekke,reanna.nicolas-brekke443@testes.com,pwd123
Phyllis Kris,phyllis.kris444@testes.com,pwd123
Karlie Bradtke,karlie.bradtke445@testes.com,pwd123
Keeley Pfannerstill,keeley.pfannerstill446@testes.com,pwd123
Mona Boyer,mona.boyer447@testes.com,pwd123
Lilliana Johns,lilliana.johns448@testes.com,pwd123
Noah Lueilwitz,noah.lueilwitz449@testes.com,pwd123
Benjamin Wisozk,benjamin.wisozk450@testes.com,pwd123
Kenny Corkery,kenny.corkery451@testes.com,pwd123
Myrtle Bernhard,myrtle.bernhard452@testes.com,pwd123
Lydia Marks,lydia.marks453@testes.com,pwd123
Cortney Roberts,cortney.roberts454@testes.com,pwd123
Noe Krajcik,noe.krajcik455@testes.com,pwd123
Kristopher Heaney,kristopher.heaney456@testes.com,pwd123
Maryann Rosenbaum,maryann.rosenbaum457@testes.com,pwd123
Katelynn Muller,katelynn.muller458@testes.com,pwd123
Cyrus Mertz,cyrus.mertz459@testes.com,pwd123
Demarcus Rodriguez,demarcus.rodriguez460@testes.com,pwd123
Rollin Altenwerth,rollin.altenwerth461@testes.com,pwd123
Tyler Harber,tyler.harber462@testes.com,pwd123
Ray Turcotte,ray.turcotte463@testes.com,pwd123
Alexane Hills,alexane.hills464@testes.com,pwd123
Keira Zemlak,keira.zemlak465@testes.com,pwd123
Eudora Ankunding,eudora.ankunding466@testes.com,pwd123
Brad Braun,brad.braun467@testes.com,pwd123
Alfonzo Schoen,alfonzo.schoen468@testes.com,pwd123
Corey Braun,corey.braun469@testes.com,pwd123
Cassie Blick,cassie.blick470@testes.com,pwd123
Aliza Gutmann,aliza.gutmann471@testes.com,pwd123
Elmer Larkin,elmer.larkin472@testes.com,pwd123
Wallace Emard,wallace.emard473@testes.com,pwd123
Pink Pagac,pink.pagac474@testes.com,pwd123
Corey Hirthe,corey.hirthe475@testes.com,pwd123
Cedric Schuppe,cedric.schuppe476@testes.com,pwd123
Zion Brekke,zion.brekke477@testes.com,pwd123
Carson Dicki,carson.dicki478@testes.com,pwd123
Alek Feest,alek.feest479@testes.com,pwd123
Sam Kozey,sam.kozey480@testes.com,pwd123
Patti Nitzsche,patti.nitzsche481@testes.com,pwd123
Krystal Oberbrunner-Pollich,krystal.oberbrunner-pollich482@testes.com,pwd123
Terrance Bins,terrance.bins483@testes.com,pwd123
Thora Torphy,thora.torphy484@testes.com,pwd123
Alta Fritsch,alta.fritsch485@testes.com,pwd123
Timmy Farrell,timmy.farrell486@testes.com,pwd123
Vivien Hackett,vivien.hackett487@testes.com,pwd123
Jon Roob,jon.roob488@testes.com,pwd123
Tara Maggio,tara.maggio489@testes.com,pwd123
Frederick Nader,frederick.nader490@testes.com,pwd123
Keanu Baumbach,keanu.baumbach491@testes.com,pwd123
Brent Doyle,brent.doyle492@testes.com,pwd123
Damon Herman,damon.herman493@testes.com,pwd123
Talon Langosh,talon.langosh494@testes.com,pwd123
Alfred Deckow,alfred.deckow495@testes.com,pwd123
Leroy Boyle,leroy.boyle496@testes.com,pwd123
Angelo Murray,angelo.murray497@testes.com,pwd123
Marielle Nitzsche,marielle.nitzsche498@testes.com,pwd123
Lorenzo Block,lorenzo.block499@testes.com,pwd123
Bill DuBuque,bill.dubuque500@testes.com,pwd123
Margie Strosin,margie.strosin501@testes.com,pwd123
Arturo Bergstrom,arturo.bergstrom502@testes.com,pwd123
Barrett McLaughlin-Thompson,barrett.mclaughlin-thompson503@testes.com,pwd123
Walter Gerhold,walter.gerhold504@testes.com,pwd123
Dawn Cruickshank,dawn.cruickshank505@testes.com,pwd123
Ezekiel King,ezekiel.king506@testes.com,pwd123
June Gibson,june.gibson507@testes.com,pwd123
James Nicolas,james.nicolas508@testes.com,pwd123
Cicero Walter,cicero.walter509@testes.com,pwd123
Nicklaus Gerlach,nicklaus.gerlach510@testes.com,pwd123
Bert Crist,bert.crist511@testes.com,pwd123
Esperanza Lesch,esperanza.lesch512@testes.com,pwd123
Maximillia Mann,maximillia.mann513@testes.com,pwd123
Micheal Crooks,micheal.crooks514@testes.com,pwd123
Kathryne Sporer,kathryne.sporer515@testes.com,pwd123
Ana Batz,ana.batz516@testes.com,pwd123
Eliseo Davis,eliseo.davis517@testes.com,pwd123
Harold O'Keefe,harold.okeefe518@testes.com,pwd123
Bernie Schaden,bernie.schaden519@testes.com,pwd123
Rex Collins,rex.collins520@testes.com,pwd123
Aisha Bergstrom,aisha.bergstrom521@testes.com,pwd123
Duane Shields,duane.shields522@testes.com,pwd123
Bill Kuhic,bill.kuhic523@testes.com,pwd123
Concepcion Carroll,concepcion.carroll524@testes.com,pwd123
Hector Stroman,hector.stroman525@testes.com,pwd123
Lawrence Simonis,lawrence.simonis526@testes.com,pwd123
Colton Stanton,colton.stanton527@testes.com,pwd123
Melissa Jenkins,melissa.jenkins528@testes.com,pwd123
Desiree Raynor,desiree.raynor529@testes.com,pwd123
Sally Littel,sally.littel530@testes.com,pwd123
Ignacio Heaney,ignacio.heaney531@testes.com,pwd123
Jordan Effertz,jordan.effertz532@testes.com,pwd123
Gerard Toy,gerard.toy533@testes.com,pwd123
Traci Kertzmann,traci.kertzmann534@testes.com,pwd123
Nathaniel Russel,nathaniel.russel535@testes.com,pwd123
Steve Feest,steve.feest536@testes.com,pwd123
Lester Collins,lester.collins537@testes.com,pwd123
Maureen Steuber,maureen.steuber538@testes.com,pwd123
Constance Walter,constance.walter539@testes.com,pwd123
Norma Ruecker,norma.ruecker540@testes.com,pwd123
Charles Homenick,charles.homenick541@testes.com,pwd123
Sam Orn,sam.orn542@testes.com,pwd123
Julie Altenwerth,julie.altenwerth543@testes.com,pwd123
Cassandra DuBuque,cassandra.dubuque544@testes.com,pwd123
Reece Donnelly,reece.donnelly545@testes.com,pwd123
Dexter Corkery,dexter.corkery546@testes.com,pwd123
Hank Bins,hank.bins547@testes.com,pwd123
Reuben Hand,reuben.hand548@testes.com,pwd123
Madonna Zboncak,madonna.zboncak549@testes.com,pwd123
Joey Buckridge,joey.buckridge550@testes.com,pwd123
Eric Wisozk,eric.wisozk551@testes.com,pwd123
Bill Greenfelder,bill.greenfelder552@testes.com,pwd123
Desiree Upton,desiree.upton553@testes.com,pwd123
Bryan Stokes,bryan.stokes554@testes.com,pwd123
Clarence Lakin,clarence.lakin555@testes.com,pwd123
Johnathan Schmidt,johnathan.schmidt556@testes.com,pwd123
Lois Lindgren,lois.lindgren557@testes.com,pwd123
Rae Pouros,rae.pouros558@testes.com,pwd123
Ira Grady,ira.grady559@testes.com,pwd123
Kendra Erdman,kendra.erdman560@testes.com,pwd123
Elvira Gorczany,elvira.gorczany561@testes.com,pwd123
Jadyn Bode,jadyn.bode562@testes.com,pwd123
Darla Crona-Sanford,darla.crona-sanford563@testes.com,pwd123
Sherri Flatley,sherri.flatley564@testes.com,pwd123
Blaze Jenkins,blaze.jenkins565@testes.com,pwd123
Janie Frami,janie.frami566@testes.com,pwd123
Coleman Lubowitz,coleman.lubowitz567@testes.com,pwd123
Gustavo Beatty,gustavo.beatty568@testes.com,pwd123
Jim Macejkovic,jim.macejkovic569@testes.com,pwd123
Damon Daniel,damon.daniel570@testes.com,pwd123
Priscilla Vandervort,priscilla.vandervort571@testes.com,pwd123
Maureen Walker,maureen.walker572@testes.com,pwd123
Aracely Medhurst,aracely.medhurst573@testes.com,pwd123
Bennie Orn,bennie.orn574@testes.com,pwd123
Byron Christiansen,byron.christiansen575@testes.com,pwd123
Kristy Murray,kristy.murray576@testes.com,pwd123
Eddie Herzog,eddie.herzog577@testes.com,pwd123
Brett Rolfson,brett.rolfson578@testes.com,pwd123
Clarence Weber,clarence.weber579@testes.com,pwd123
Adolfo Homenick,adolfo.homenick580@testes.com,pwd123
Edwin Kertzmann,edwin.kertzmann581@testes.com,pwd123
Derek Treutel,derek.treutel582@testes.com,pwd123
Nia Schaefer,nia.schaefer583@testes.com,pwd123
Tamara Brekke,tamara.brekke584@testes.com,pwd123
Mireya Haley,mireya.haley585@testes.com,pwd123
Jovani Sanford,jovani.sanford586@testes.com,pwd123
Kade Nitzsche,kade.nitzsche587@testes.com,pwd123
Harriet Deckow,harriet.deckow588@testes.com,pwd123
Noah Balistreri,noah.balistreri589@testes.com,pwd123
Archibald Herman,archibald.herman590@testes.com,pwd123
Travis Borer,travis.borer591@testes.com,pwd123
Maxine Hansen-Hackett,maxine.hansen-hackett592@testes.com,pwd123
Oscar Hyatt,oscar.hyatt593@testes.com,pwd123
Aurore Grady,aurore.grady594@testes.com,pwd123
Clark Champlin,clark.champlin595@testes.com,pwd123
Maybell Adams,maybell.adams596@testes.com,pwd123
Rodolfo Miller,rodolfo.miller597@testes.com,pwd123
Tyrell Wilderman,tyrell.wilderman598@testes.com,pwd123
Wendy Johns,wendy.johns599@testes.com,pwd123
Emilia Nolan,emilia.nolan600@testes.com,pwd123
Jordan McClure,jordan.mcclure601@testes.com,pwd123
Ruben Crist,ruben.crist602@testes.com,pwd123
Alfonso Huels,alfonso.huels603@testes.com,pwd123
Jay Schoen,jay.schoen604@testes.com,pwd123
Alexandrea Beer,alexandrea.beer605@testes.com,pwd123
Bradley Pfannerstill,bradley.pfannerstill606@testes.com,pwd123
Lela Hahn-Homenick,lela.hahn-homenick607@testes.com,pwd123
Luke Goldner,luke.goldner608@testes.com,pwd123
Ana Konopelski,ana.konopelski609@testes.com,pwd123
Meghan Crist,meghan.crist610@testes.com,pwd123
Courtney Mohr,courtney.mohr611@testes.com,pwd123
Rhoda Bergstrom,rhoda.bergstrom612@testes.com,pwd123
Mable White,mable.white613@testes.com,pwd123
Peyton Harber,peyton.harber614@testes.com,pwd123
Damian Rogahn,damian.rogahn615@testes.com,pwd123
Oran Rice,oran.rice616@testes.com,pwd123
Omar Dickinson,omar.dickinson617@testes.com,pwd123
Celine Senger,celine.senger618@testes.com,pwd123
Kayla Beatty,kayla.beatty619@testes.com,pwd123
Odie Orn,odie.orn620@testes.com,pwd123
Steven Cremin,steven.cremin621@testes.com,pwd123
Adrain Orn,adrain.orn622@testes.com,pwd123
Sylvester Reilly,sylvester.reilly623@testes.com,pwd123
Lowell Krajcik,lowell.krajcik624@testes.com,pwd123
Brad Blick,brad.blick625@testes.com,pwd123
Jordi Tremblay,jordi.tremblay626@testes.com,pwd123
Lucille Mueller,lucille.mueller627@testes.com,pwd123
Mariana Quitzon,mariana.quitzon628@testes.com,pwd123
Kenny Trantow,kenny.trantow629@testes.com,pwd123
Derek Rau,derek.rau630@testes.com,pwd123
Georgette Christiansen,georgette.christiansen631@testes.com,pwd123
Talia Torphy,talia.torphy632@testes.com,pwd123
Nina Larson,nina.larson633@testes.com,pwd123
Savanah Stokes,savanah.stokes634@testes.com,pwd123
Terrence Heidenreich,terrence.heidenreich635@testes.com,pwd123
Phillip Witting,phillip.witting636@testes.com,pwd123
Chelsey Nicolas,chelsey.nicolas637@testes.com,pwd123
Jaylin Ferry,jaylin.ferry638@testes.com,pwd123
Lura Bednar,lura.bednar639@testes.com,pwd123
Jacob Grimes,jacob.grimes640@testes.com,pwd123
Melba Miller-Lowe,melba.miller-lowe641@testes.com,pwd123
Kareem Huels,kareem.huels642@testes.com,pwd123
Dwight Quigley,dwight.quigley643@testes.com,pwd123
Angie Jerde,angie.jerde644@testes.com,pwd123
D'angelo Green,dangelo.green645@testes.com,pwd123
Elinor Kreiger,elinor.kreiger646@testes.com,pwd123
Kristopher Tromp,kristopher.tromp647@testes.com,pwd123
Aidan Bayer,aidan.bayer648@testes.com,pwd123
Katarina Schuster,katarina.schuster649@testes.com,pwd123
Maxine Bechtelar,maxine.bechtelar650@testes.com,pwd123
Gertrude Daniel,gertrude.daniel651@testes.com,pwd123
Josianne Funk-Wisozk,josianne.funk-wisozk652@testes.com,pwd123
Stewart Kilback,stewart.kilback653@testes.com,pwd123
Caroline Schumm,caroline.schumm654@testes.com,pwd123
Judy Collier,judy.collier655@testes.com,pwd123
Clarence Heathcote,clarence.heathcote656@testes.com,pwd123
Jennie Bins,jennie.bins657@testes.com,pwd123
Katlyn Hamill,katlyn.hamill658@testes.com,pwd123
Raphael Renner,raphael.renner659@testes.com,pwd123
Dulce Hahn,dulce.hahn660@testes.com,pwd123
Kristin Schroeder,kristin.schroeder661@testes.com,pwd123
Jeffrey Beatty,jeffrey.beatty662@testes.com,pwd123
Lana Swift,lana.swift663@testes.com,pwd123
Hudson Satterfield,hudson.satterfield664@testes.com,pwd123
Constantin Mitchell,constantin.mitchell665@testes.com,pwd123
Bob Kuphal,bob.kuphal666@testes.com,pwd123
Vesta Willms,vesta.willms667@testes.com,pwd123
Filiberto Brekke,filiberto.brekke668@testes.com,pwd123
Alejandra Tillman,alejandra.tillman669@testes.com,pwd123
Leora Metz,leora.metz670@testes.com,pwd123
Eleanor Walker-Zieme,eleanor.walker-zieme671@testes.com,pwd123
Roger Swaniawski,roger.swaniawski672@testes.com,pwd123
Stacy Tillman,stacy.tillman673@testes.com,pwd123
Curtis Wiegand,curtis.wiegand674@testes.com,pwd123
Dakota Towne,dakota.towne675@testes.com,pwd123
Christophe Schmitt,christophe.schmitt676@testes.com,pwd123
Josefina Fritsch,josefina.fritsch677@testes.com,pwd123
Lulu Farrell,lulu.farrell678@testes.com,pwd123
Tanner Mohr,tanner.mohr679@testes.com,pwd123
Marlon Altenwerth,marlon.altenwerth680@testes.com,pwd123
Kristy Krajcik,kristy.krajcik681@testes.com,pwd123
Patty Feil,patty.feil682@testes.com,pwd123
Joaquin Moore,joaquin.moore683@testes.com,pwd123
Juwan Rippin,juwan.rippin684@testes.com,pwd123
Bernice Effertz,bernice.effertz685@testes.com,pwd123
Lela Howe,lela.howe686@testes.com,pwd123
Molly Lakin,molly.lakin687@testes.com,pwd123
Coty Jacobson-Wiegand,coty.jacobson-wiegand688@testes.com,pwd123
Dax O'Connell,dax.oconnell689@testes.com,pwd123
Austin Hansen,austin.hansen690@testes.com,pwd123
Elvis Muller,elvis.muller691@testes.com,pwd123
Nikko Murphy,nikko.murphy692@testes.com,pwd123
Gwen Cremin,gwen.cremin693@testes.com,pwd123
Amanda Stamm,amanda.stamm694@testes.com,pwd123
Grace Anderson,grace.anderson695@testes.com,pwd123
Christopher Bednar,christopher.bednar696@testes.com,pwd123
Lexi Stehr,lexi.stehr697@testes.com,pwd123
Darren Torp,darren.torp698@testes.com,pwd123
Byron Wiegand,byron.wiegand699@testes.com,pwd123
Laurie Ratke,laurie.ratke700@testes.com,pwd123
Lavon Price,lavon.price701@testes.com,pwd123
Wilbert Kuphal,wilbert.kuphal702@testes.com,pwd123
Tricia Ondricka,tricia.ondricka703@testes.com,pwd123
Darren Kling,darren.kling704@testes.com,pwd123
Rudolph Kulas,rudolph.kulas705@testes.com,pwd123
Sheldon Conroy,sheldon.conroy706@testes.com,pwd123
Santa Ryan,santa.ryan707@testes.com,pwd123
Phyllis Ziemann,phyllis.ziemann708@testes.com,pwd123
Estelle O'Reilly,estelle.oreilly709@testes.com,pwd123
Dominic Lindgren,dominic.lindgren710@testes.com,pwd123
Melyssa Wisozk,melyssa.wisozk711@testes.com,pwd123
Jeanne Terry-Kilback,jeanne.terry-kilback712@testes.com,pwd123
Jeff Dickens,jeff.dickens713@testes.com,pwd123
Shyanne Walker,shyanne.walker714@testes.com,pwd123
Blake Keeling,blake.keeling715@testes.com,pwd123
Raymond Sporer,raymond.sporer716@testes.com,pwd123
Alonzo Hilll,alonzo.hilll717@testes.com,pwd123
Burnice Gerhold,burnice.gerhold718@testes.com,pwd123
Guy Kessler-Rohan,guy.kessler-rohan719@testes.com,pwd123
Terrance Kassulke,terrance.kassulke720@testes.com,pwd123
Edythe Stehr,edythe.stehr721@testes.com,pwd123
Christy Langosh,christy.langosh722@testes.com,pwd123
Lina Rau,lina.rau723@testes.com,pwd123
Jacob Reinger,jacob.reinger724@testes.com,pwd123
Joan Cormier,joan.cormier725@testes.com,pwd123
Sylvan Stroman,sylvan.stroman726@testes.com,pwd123
Danielle Johnston,danielle.johnston727@testes.com,pwd123
Cesar Towne,cesar.towne728@testes.com,pwd123
Christian Littel,christian.littel729@testes.com,pwd123
Rodolfo Koepp,rodolfo.koepp730@testes.com,pwd123
Kenneth Kuphal,kenneth.kuphal731@testes.com,pwd123
Leatha Schumm-Denesik,leatha.schumm-denesik732@testes.com,pwd123
Lily Streich,lily.streich733@testes.com,pwd123
Tammy White,tammy.white734@testes.com,pwd123
Darryl Fahey,darryl.fahey735@testes.com,pwd123
Oscar Buckridge,oscar.buckridge736@testes.com,pwd123
Louisa Beer,louisa.beer737@testes.com,pwd123
Laron Ledner,laron.ledner738@testes.com,pwd123
Lisa Gusikowski,lisa.gusikowski739@testes.com,pwd123
Mina Romaguera,mina.romaguera740@testes.com,pwd123
Neal Davis,neal.davis741@testes.com,pwd123
May Johns,may.johns742@testes.com,pwd123
Isaias Jerde,isaias.jerde743@testes.com,pwd123
Erica VonRueden,erica.vonrueden744@testes.com,pwd123
Vivian Gerlach,vivian.gerlach745@testes.com,pwd123
Rylee Tillman,rylee.tillman746@testes.com,pwd123
Eric McLaughlin,eric.mclaughlin747@testes.com,pwd123
Ernestine Green,ernestine.green748@testes.com,pwd123
Jodie Hegmann,jodie.hegmann749@testes.com,pwd123
Judy Kuvalis,judy.kuvalis750@testes.com,pwd123
Miller Leuschke,miller.leuschke751@testes.com,pwd123
Thurman Botsford,thurman.botsford752@testes.com,pwd123
Raheem Conroy,raheem.conroy753@testes.com,pwd123
Jadyn Cummings-Metz,jadyn.cummings-metz754@testes.com,pwd123
Mario Konopelski,mario.konopelski755@testes.com,pwd123
Eunice Feest,eunice.feest756@testes.com,pwd123
Rodney Sporer,rodney.sporer757@testes.com,pwd123
Ada Mayer,ada.mayer758@testes.com,pwd123
Nelle White,nelle.white759@testes.com,pwd123
Eleanora Hilll,eleanora.hilll760@testes.com,pwd123
Dale Hahn,dale.hahn761@testes.com,pwd123
Lydia Jones,lydia.jones762@testes.com,pwd123
Inez Mayert,inez.mayert763@testes.com,pwd123
Jade Weber,jade.weber764@testes.com,pwd123
Raina Grimes,raina.grimes765@testes.com,pwd123
Kay Cole,kay.cole766@testes.com,pwd123
Lois Stracke,lois.stracke767@testes.com,pwd123
Bradly Predovic,bradly.predovic768@testes.com,pwd123
Darin Marquardt,darin.marquardt769@testes.com,pwd123
Misael Jast,misael.jast770@testes.com,pwd123
Ramona Turcotte,ramona.turcotte771@testes.com,pwd123
Marcella Raynor,marcella.raynor772@testes.com,pwd123
Alvin O'Hara,alvin.ohara773@testes.com,pwd123
Jennifer Waters,jennifer.waters774@testes.com,pwd123
Dora Murazik,dora.murazik775@testes.com,pwd123
Bryce Cummerata-Russel,bryce.cummerata-russel776@testes.com,pwd123
Chaz Powlowski,chaz.powlowski777@testes.com,pwd123
Gregg Okuneva,gregg.okuneva778@testes.com,pwd123
Laura Gottlieb,laura.gottlieb779@testes.com,pwd123
Marsha Hoppe,marsha.hoppe780@testes.com,pwd123
Tania Abshire,tania.abshire781@testes.com,pwd123
Dedrick Witting,dedrick.witting782@testes.com,pwd123
Garfield Jenkins,garfield.jenkins783@testes.com,pwd123
Lina O'Hara,lina.ohara784@testes.com,pwd123
Bruce Grant-Beer,bruce.grant-beer785@testes.com,pwd123
Lilyan Roberts,lilyan.roberts786@testes.com,pwd123
Bernadette O'Reilly,bernadette.oreilly787@testes.com,pwd123
Carlee Mann,carlee.mann788@testes.com,pwd123
Rose Koepp,rose.koepp789@testes.com,pwd123
Leticia Schuppe,leticia.schuppe790@testes.com,pwd123
Leigh Collier,leigh.collier791@testes.com,pwd123
Mariano Donnelly,mariano.donnelly792@testes.com,pwd123
Jarrell Bailey,jarrell.bailey793@testes.com,pwd123
Franklin Spinka,franklin.spinka794@testes.com,pwd123
Lavinia Gulgowski-Price,lavinia.gulgowski-price795@testes.com,pwd123
Krystal Mertz,krystal.mertz796@testes.com,pwd123
Claudia Batz,claudia.batz797@testes.com,pwd123
Marcelo Spinka,marcelo.spinka798@testes.com,pwd123
Jalyn Ziemann,jalyn.ziemann799@testes.com,pwd123
Jules O'Hara,jules.ohara800@testes.com,pwd123
Frankie Miller,frankie.miller801@testes.com,pwd123
Mabel Reinger,mabel.reinger802@testes.com,pwd123
Fabian Schimmel,fabian.schimmel803@testes.com,pwd123
Essie Batz,essie.batz804@testes.com,pwd123
Velma Gottlieb,velma.gottlieb805@testes.com,pwd123
Caleb Doyle,caleb.doyle806@testes.com,pwd123
Harry Treutel,harry.treutel807@testes.com,pwd123
Georgia Lehner,georgia.lehner808@testes.com,pwd123
Alexandrine Kulas,alexandrine.kulas809@testes.com,pwd123
Frankie Graham,frankie.graham810@testes.com,pwd123
Dameon Christiansen,dameon.christiansen811@testes.com,pwd123
Myrtice Kulas,myrtice.kulas812@testes.com,pwd123
Triston Larkin,triston.larkin813@testes.com,pwd123
Bonnie Hagenes-Mueller,bonnie.hagenes-mueller814@testes.com,pwd123
Jazmin Schaden,jazmin.schaden815@testes.com,pwd123
Adella O'Conner,adella.oconner816@testes.com,pwd123
Dwight Daugherty,dwight.daugherty817@testes.com,pwd123
Conor Dach,conor.dach818@testes.com,pwd123
Mae Crooks,mae.crooks819@testes.com,pwd123
Kianna Auer,kianna.auer820@testes.com,pwd123
Pauline Cartwright,pauline.cartwright821@testes.com,pwd123
Hailey Ledner,hailey.ledner822@testes.com,pwd123
Sandy Satterfield,sandy.satterfield823@testes.com,pwd123
Terri Jaskolski,terri.jaskolski824@testes.com,pwd123
Teresa O'Conner,teresa.oconner825@testes.com,pwd123
Federico Romaguera,federico.romaguera826@testes.com,pwd123
Lisandro Borer,lisandro.borer827@testes.com,pwd123
Jayne Kutch,jayne.kutch828@testes.com,pwd123
Iris Rice,iris.rice829@testes.com,pwd123
Gus Ebert,gus.ebert830@testes.com,pwd123
Reinhold Langworth,reinhold.langworth831@testes.com,pwd123
Todd Bruen,todd.bruen832@testes.com,pwd123
Hollie Cremin,hollie.cremin833@testes.com,pwd123
Craig Cronin,craig.cronin834@testes.com,pwd123
Liam Schamberger,liam.schamberger835@testes.com,pwd123
May Huel,may.huel836@testes.com,pwd123
Rhett Krajcik,rhett.krajcik837@testes.com,pwd123
Roberta Padberg,roberta.padberg838@testes.com,pwd123
Irma Stark,irma.stark839@testes.com,pwd123
Sharon Herman,sharon.herman840@testes.com,pwd123
Darrel Zieme,darrel.zieme841@testes.com,pwd123
Alicia Osinski,alicia.osinski842@testes.com,pwd123
Cecilia Nolan,cecilia.nolan843@testes.com,pwd123
Omar Little,omar.little844@testes.com,pwd123
Joseph Nolan,joseph.nolan845@testes.com,pwd123
Terry Langworth,terry.langworth846@testes.com,pwd123
Clarissa Gottlieb,clarissa.gottlieb847@testes.com,pwd123
Cary Hammes,cary.hammes848@testes.com,pwd123
Winston Lockman,winston.lockman849@testes.com,pwd123
Justen Schamberger,justen.schamberger850@testes.com,pwd123
Homer Hills,homer.hills851@testes.com,pwd123
Adah Bayer-Dickens,adah.bayer-dickens852@testes.com,pwd123
Amos Marvin,amos.marvin853@testes.com,pwd123
Tyler Ruecker,tyler.ruecker854@testes.com,pwd123
Arnold Beahan,arnold.beahan855@testes.com,pwd123
Horace Crooks,horace.crooks856@testes.com,pwd123
Zaria Grady,zaria.grady857@testes.com,pwd123
Jay Greenfelder,jay.greenfelder858@testes.com,pwd123
Nya Bashirian,nya.bashirian859@testes.com,pwd123
Erin Lindgren,erin.lindgren860@testes.com,pwd123
Rolando Block,rolando.block861@testes.com,pwd123
Alfredo Rodriguez,alfredo.rodriguez862@testes.com,pwd123
Jennifer Reichel,jennifer.reichel863@testes.com,pwd123
Yolanda Kunde,yolanda.kunde864@testes.com,pwd123
Catherine Wolf,catherine.wolf865@testes.com,pwd123
Ora Osinski-Lynch,ora.osinski-lynch866@testes.com,pwd123
Lamar Gulgowski,lamar.gulgowski867@testes.com,pwd123
Dominick Bradtke,dominick.bradtke868@testes.com,pwd123
Kaleb Nikolaus,kaleb.nikolaus869@testes.com,pwd123
Alden Goldner,alden.goldner870@testes.com,pwd123
Fletcher Stark,fletcher.stark871@testes.com,pwd123
Leo Cassin,leo.cassin872@testes.com,pwd123
Hardy Koss,hardy.koss873@testes.com,pwd123
Jalyn Cummerata,jalyn.cummerata874@testes.com,pwd123
Adrien Heathcote,adrien.heathcote875@testes.com,pwd123
Kristi Haley,kristi.haley876@testes.com,pwd123
Maxine Blanda,maxine.blanda877@testes.com,pwd123
Don Larson,don.larson878@testes.com,pwd123
Marcelo Jacobson,marcelo.jacobson879@testes.com,pwd123
Beverly Bradtke,beverly.bradtke880@testes.com,pwd123
Hubert Treutel,hubert.treutel881@testes.com,pwd123
Kay Wunsch,kay.wunsch882@testes.com,pwd123
Asha Beer,asha.beer883@testes.com,pwd123
Ruby Schaden,ruby.schaden884@testes.com,pwd123
Fanny Kozey,fanny.kozey885@testes.com,pwd123
Terrill Frami,terrill.frami886@testes.com,pwd123
Antonette Schaefer-O'Conner,antonette.schaefer-oconner887@testes.com,pwd123
Rosa Lubowitz,rosa.lubowitz888@testes.com,pwd123
Gudrun Quigley,gudrun.quigley889@testes.com,pwd123
Joseph Ankunding,joseph.ankunding890@testes.com,pwd123
Woodrow Predovic,woodrow.predovic891@testes.com,pwd123
Sidney Dare,sidney.dare892@testes.com,pwd123
Ludie Renner,ludie.renner893@testes.com,pwd123
Regina Thiel,regina.thiel894@testes.com,pwd123
Jeffery Price,jeffery.price895@testes.com,pwd123
Ronald Labadie,ronald.labadie896@testes.com,pwd123
Anna Fay,anna.fay897@testes.com,pwd123
Jerome Jakubowski,jerome.jakubowski898@testes.com,pwd123
Alessandra Nikolaus,alessandra.nikolaus899@testes.com,pwd123
Alvin Adams,alvin.adams900@testes.com,pwd123
Shelia Halvorson,shelia.halvorson901@testes.com,pwd123
Raven Kemmer,raven.kemmer902@testes.com,pwd123
Pablo Fahey,pablo.fahey903@testes.com,pwd123
Terri Schmitt,terri.schmitt904@testes.com,pwd123
Walter Abbott,walter.abbott905@testes.com,pwd123
Jeffrey Reinger,jeffrey.reinger906@testes.com,pwd123
Charles Huels-McClure,charles.huels-mcclure907@testes.com,pwd123
Edith Mann,edith.mann908@testes.com,pwd123
Alvena Reynolds,alvena.reynolds909@testes.com,pwd123
Evelyn Parker,evelyn.parker910@testes.com,pwd123
Filomena Stoltenberg,filomena.stoltenberg911@testes.com,pwd123
Melba Towne,melba.towne912@testes.com,pwd123
Joel Schoen,joel.schoen913@testes.com,pwd123
Janet Cassin,janet.cassin914@testes.com,pwd123
Geneva Schmitt,geneva.schmitt915@testes.com,pwd123
Maude Waelchi,maude.waelchi916@testes.com,pwd123
Maximo Bechtelar,maximo.bechtelar917@testes.com,pwd123
Kameron Rogahn,kameron.rogahn918@testes.com,pwd123
Eloise Emard,eloise.emard919@testes.com,pwd123
Rudolph Metz,rudolph.metz920@testes.com,pwd123
Joyce Rempel,joyce.rempel921@testes.com,pwd123
Adela Hilpert,adela.hilpert922@testes.com,pwd123
Michelle Lemke,michelle.lemke923@testes.com,pwd123
Leah Schimmel,leah.schimmel924@testes.com,pwd123
Larry Haag,larry.haag925@testes.com,pwd123
Edd Hyatt,edd.hyatt926@testes.com,pwd123
Leonel Daniel,leonel.daniel927@testes.com,pwd123
Kirk Walter,kirk.walter928@testes.com,pwd123
Juan Wehner,juan.wehner929@testes.com,pwd123
Thelma Kunde,thelma.kunde930@testes.com,pwd123
Ian Harber-Christiansen,ian.harber-christiansen931@testes.com,pwd123
Mateo Osinski,mateo.osinski932@testes.com,pwd123
Ben Schamberger-Hackett,ben.schamberger-hackett933@testes.com,pwd123
Jaime Emmerich,jaime.emmerich934@testes.com,pwd123
Muriel Leannon,muriel.leannon935@testes.com,pwd123
Reginald Schaden-Hackett,reginald.schaden-hackett936@testes.com,pwd123
Clemens Conn,clemens.conn937@testes.com,pwd123
Terrell Schuster,terrell.schuster938@testes.com,pwd123
Reilly Hand,reilly.hand939@testes.com,pwd123
Belle Mann,belle.mann940@testes.com,pwd123
Alexander Rodriguez,alexander.rodriguez941@testes.com,pwd123
Esperanza Walter,esperanza.walter942@testes.com,pwd123
Carl Witting,carl.witting943@testes.com,pwd123
Harold Bauch-Hackett,harold.bauch-hackett944@testes.com,pwd123
Dolores Jerde,dolores.jerde945@testes.com,pwd123
Marta Boyer,marta.boyer946@testes.com,pwd123
Glenn Stamm,glenn.stamm947@testes.com,pwd123
Bonnie Parisian,bonnie.parisian948@testes.com,pwd123
Thurman Hoeger,thurman.hoeger949@testes.com,pwd123
Lynn Casper,lynn.casper950@testes.com,pwd123
Kirk Stark,kirk.stark951@testes.com,pwd123
Della Hessel,della.hessel952@testes.com,pwd123
Arnold Predovic,arnold.predovic953@testes.com,pwd123
Christine Gusikowski,christine.gusikowski954@testes.com,pwd123
Brian Emard,brian.emard955@testes.com,pwd123
Brandt Conn,brandt.conn956@testes.com,pwd123
Michelle Cronin,michelle.cronin957@testes.com,pwd123
Emelie Abbott,emelie.abbott958@testes.com,pwd123
Margaret Zemlak,margaret.zemlak959@testes.com,pwd123
Dwight Price,dwight.price960@testes.com,pwd123
Gilberto Quitzon,gilberto.quitzon961@testes.com,pwd123
Curtis Schmitt,curtis.schmitt962@testes.com,pwd123
Dewey Marks,dewey.marks963@testes.com,pwd123
Scottie Kozey,scottie.kozey964@testes.com,pwd123
Kristen Little,kristen.little965@testes.com,pwd123
Benjamin Borer,benjamin.borer966@testes.com,pwd123
Desiree Hartmann,desiree.hartmann967@testes.com,pwd123
David Osinski-Kuhn,david.osinski-kuhn968@testes.com,pwd123
Darryl Thompson,darryl.thompson969@testes.com,pwd123
Bo Kerluke,bo.kerluke970@testes.com,pwd123
Tad Becker,tad.becker971@testes.com,pwd123
Timothy Rosenbaum,timothy.rosenbaum972@testes.com,pwd123
Cornelius Kub,cornelius.kub973@testes.com,pwd123
Marvin Medhurst,marvin.medhurst974@testes.com,pwd123
Elmer Beahan,elmer.beahan975@testes.com,pwd123
Melyna Schumm,melyna.schumm976@testes.com,pwd123
Stewart Wuckert-Fay,stewart.wuckert-fay977@testes.com,pwd123
Izabella Schamberger-Metz,izabella.schamberger-metz978@testes.com,pwd123
King Kshlerin,king.kshlerin979@testes.com,pwd123
Claudia Kuhn,claudia.kuhn980@testes.com,pwd123
Darius Smith,darius.smith981@testes.com,pwd123
Cullen Kilback,cullen.kilback982@testes.com,pwd123
Richard Abbott,richard.abbott983@testes.com,pwd123
Vicki Bergnaum,vicki.bergnaum984@testes.com,pwd123
Zena Hyatt,zena.hyatt985@testes.com,pwd123
Jocelyn Hodkiewicz,jocelyn.hodkiewicz986@testes.com,pwd123
Sherman Wintheiser,sherman.wintheiser987@testes.com,pwd123
Jadyn Zulauf,jadyn.zulauf988@testes.com,pwd123
Bella Franecki,bella.franecki989@testes.com,pwd123
Lavern Smith,lavern.smith990@testes.com,pwd123
Frida Mraz,frida.mraz991@testes.com,pwd123
Meghan Lang,meghan.lang992@testes.com,pwd123
Patsy Abbott,patsy.abbott993@testes.com,pwd123
Jennifer Heidenreich,jennifer.heidenreich994@testes.com,pwd123
Mabel Hilll,mabel.hilll995@testes.com,pwd123
Vickie Johnson,vickie.johnson996@testes.com,pwd123
Edith Roob,edith.roob997@testes.com,pwd123
Carla Effertz,carla.effertz998@testes.com,pwd123
Ricardo Weimann,ricardo.weimann999@testes.com,pwd123
Deontae Schuster,deontae.schuster1000@testes.com,pwd123
Omari Tremblay,omari.tremblay1001@testes.com,pwd123
Gwendolyn McCullough,gwendolyn.mccullough1002@testes.com,pwd123
Eva Morissette,eva.morissette1003@testes.com,pwd123
Lyle Heller,lyle.heller1004@testes.com,pwd123
Eliane Jenkins,eliane.jenkins1005@testes.com,pwd123
Ellis Satterfield,ellis.satterfield1006@testes.com,pwd123
Angeline Walter,angeline.walter1007@testes.com,pwd123
Reece Wisozk,reece.wisozk1008@testes.com,pwd123
Makayla Wintheiser,makayla.wintheiser1009@testes.com,pwd123
Dale Kling,dale.kling1010@testes.com,pwd123
Paul Roberts,paul.roberts1011@testes.com,pwd123
Beth Becker,beth.becker1012@testes.com,pwd123
Reta Kassulke,reta.kassulke1013@testes.com,pwd123
Jairo Leuschke,jairo.leuschke1014@testes.com,pwd123
Abby Bruen,abby.bruen1015@testes.com,pwd123
Jennie Heller,jennie.heller1016@testes.com,pwd123
Daisy Friesen,daisy.friesen1017@testes.com,pwd123
Amara Hoppe,amara.hoppe1018@testes.com,pwd123
Trevion Boyle,trevion.boyle1019@testes.com,pwd123
Joshua Herman,joshua.herman1020@testes.com,pwd123
Lamont Kuphal,lamont.kuphal1021@testes.com,pwd123
Joey Rogahn,joey.rogahn1022@testes.com,pwd123
Mitchell Stehr,mitchell.stehr1023@testes.com,pwd123
Velma Swaniawski,velma.swaniawski1024@testes.com,pwd123
Chester Nader,chester.nader1025@testes.com,pwd123
Adriana Torphy,adriana.torphy1026@testes.com,pwd123
Dewey Leuschke,dewey.leuschke1027@testes.com,pwd123
Deonte Schaden,deonte.schaden1028@testes.com,pwd123
Myrna Schulist,myrna.schulist1029@testes.com,pwd123
Tommie Pacocha,tommie.pacocha1030@testes.com,pwd123
Elijah Kerluke,elijah.kerluke1031@testes.com,pwd123
Bernard Boyer,bernard.boyer1032@testes.com,pwd123
Emelia Herzog,emelia.herzog1033@testes.com,pwd123
Maybell Kuhic,maybell.kuhic1034@testes.com,pwd123
Jimmie Thiel,jimmie.thiel1035@testes.com,pwd123
Ernie Brekke-Welch,ernie.brekke-welch1036@testes.com,pwd123
Zola Deckow,zola.deckow1037@testes.com,pwd123
Justen O'Conner,justen.oconner1038@testes.com,pwd123
Felicia Conroy,felicia.conroy1039@testes.com,pwd123
Paul Swift,paul.swift1040@testes.com,pwd123
Damien Turcotte,damien.turcotte1041@testes.com,pwd123
Herbert Douglas,herbert.douglas1042@testes.com,pwd123
Tressie Hauck,tressie.hauck1043@testes.com,pwd123
Hope Homenick,hope.homenick1044@testes.com,pwd123
Vergie Vandervort,vergie.vandervort1045@testes.com,pwd123
Dayton Stoltenberg,dayton.stoltenberg1046@testes.com,pwd123
Edgardo Larson,edgardo.larson1047@testes.com,pwd123
Destinee Prohaska,destinee.prohaska1048@testes.com,pwd123
Bud Goyette,bud.goyette1049@testes.com,pwd123
Kenny Ortiz,kenny.ortiz1050@testes.com,pwd123
Gerardo Waelchi,gerardo.waelchi1051@testes.com,pwd123
Rod Cummerata,rod.cummerata1052@testes.com,pwd123
Vanessa Shields,vanessa.shields1053@testes.com,pwd123
Helga Gibson,helga.gibson1054@testes.com,pwd123
Maximus Becker,maximus.becker1055@testes.com,pwd123
Marian DuBuque,marian.dubuque1056@testes.com,pwd123
Dejuan Schultz,dejuan.schultz1057@testes.com,pwd123
Timmy Boyer,timmy.boyer1058@testes.com,pwd123
Eula Cremin-Davis,eula.cremin-davis1059@testes.com,pwd123
Willis Aufderhar,willis.aufderhar1060@testes.com,pwd123
Albert Beier,albert.beier1061@testes.com,pwd123
Liza Padberg,liza.padberg1062@testes.com,pwd123
Thora Larson,thora.larson1063@testes.com,pwd123
Lorenzo Harvey-Bradtke,lorenzo.harvey-bradtke1064@testes.com,pwd123
Jesse Ratke,jesse.ratke1065@testes.com,pwd123
Marge Ondricka,marge.ondricka1066@testes.com,pwd123
Laurie Jakubowski,laurie.jakubowski1067@testes.com,pwd123
Luke Sanford,luke.sanford1068@testes.com,pwd123
Katrina Boyer-Beer,katrina.boyer-beer1069@testes.com,pwd123
Selina McClure,selina.mcclure1070@testes.com,pwd123
Gustavo Farrell,gustavo.farrell1071@testes.com,pwd123
Julio Mueller,julio.mueller1072@testes.com,pwd123
Kaitlin Christiansen,kaitlin.christiansen1073@testes.com,pwd123
Shayna Reilly,shayna.reilly1074@testes.com,pwd123
Janet Kshlerin,janet.kshlerin1075@testes.com,pwd123
Kristy Cormier,kristy.cormier1076@testes.com,pwd123
Annalise Kiehn,annalise.kiehn1077@testes.com,pwd123
Nicholaus Herman,nicholaus.herman1078@testes.com,pwd123
Jessica Murphy,jessica.murphy1079@testes.com,pwd123
Anahi Douglas,anahi.douglas1080@testes.com,pwd123
Herta Corwin,herta.corwin1081@testes.com,pwd123
Elias Bogisich,elias.bogisich1082@testes.com,pwd123
Hilda Mante-Sipes,hilda.mante-sipes1083@testes.com,pwd123
Earnest Hilll,earnest.hilll1084@testes.com,pwd123
Dessie Murray,dessie.murray1085@testes.com,pwd123
Tammy Walker,tammy.walker1086@testes.com,pwd123
Mable White,mable.white1087@testes.com,pwd123
Darin Kihn,darin.kihn1088@testes.com,pwd123
Jack Homenick,jack.homenick1089@testes.com,pwd123
Jalyn Breitenberg,jalyn.breitenberg1090@testes.com,pwd123
Clemens Christiansen,clemens.christiansen1091@testes.com,pwd123
Sienna Funk,sienna.funk1092@testes.com,pwd123
Keeley Price,keeley.price1093@testes.com,pwd123
Stephan Ernser,stephan.ernser1094@testes.com,pwd123
Rubye Rutherford,rubye.rutherford1095@testes.com,pwd123
Irma Stark,irma.stark1096@testes.com,pwd123
Lamont Shanahan,lamont.shanahan1097@testes.com,pwd123
Jacey Altenwerth,jacey.altenwerth1098@testes.com,pwd123
Assunta Veum,assunta.veum1099@testes.com,pwd123
Catherine Zemlak,catherine.zemlak1100@testes.com,pwd123
Sarina Mosciski,sarina.mosciski1101@testes.com,pwd123
Frederique Schmeler,frederique.schmeler1102@testes.com,pwd123
Conor McGlynn,conor.mcglynn1103@testes.com,pwd123
Lorene Schneider,lorene.schneider1104@testes.com,pwd123
Crawford Emmerich,crawford.emmerich1105@testes.com,pwd123
Francesca Kris,francesca.kris1106@testes.com,pwd123
Theresa Quitzon,theresa.quitzon1107@testes.com,pwd123
Aaliyah Anderson,aaliyah.anderson1108@testes.com,pwd123
Ian Bahringer,ian.bahringer1109@testes.com,pwd123
Hope Huel,hope.huel1110@testes.com,pwd123
Eva Blick,eva.blick1111@testes.com,pwd123
Davonte Klocko,davonte.klocko1112@testes.com,pwd123
Eldridge Lind,eldridge.lind1113@testes.com,pwd123
Coralie Auer,coralie.auer1114@testes.com,pwd123
John Armstrong,john.armstrong1115@testes.com,pwd123
Dereck Hilpert,dereck.hilpert1116@testes.com,pwd123
Kent Beatty,kent.beatty1117@testes.com,pwd123
Pablo Paucek,pablo.paucek1118@testes.com,pwd123
Ceasar Kunde,ceasar.kunde1119@testes.com,pwd123
Brandon Nikolaus,brandon.nikolaus1120@testes.com,pwd123
Luz Bruen,luz.bruen1121@testes.com,pwd123
Oceane Klocko,oceane.klocko1122@testes.com,pwd123
Bernadette Torphy,bernadette.torphy1123@testes.com,pwd123
Adriana Ankunding,adriana.ankunding1124@testes.com,pwd123
Dixie Pollich,dixie.pollich1125@testes.com,pwd123
Nestor Greenholt,nestor.greenholt1126@testes.com,pwd123
Esther Padberg,esther.padberg1127@testes.com,pwd123
Aiden Padberg,aiden.padberg1128@testes.com,pwd123
Joesph O'Keefe,joesph.okeefe1129@testes.com,pwd123
Irma Bartoletti,irma.bartoletti1130@testes.com,pwd123
Cecilia Gerlach,cecilia.gerlach1131@testes.com,pwd123
Isaac Ernser,isaac.ernser1132@testes.com,pwd123
Kenton Legros,kenton.legros1133@testes.com,pwd123
Simon Shanahan,simon.shanahan1134@testes.com,pwd123
Stephanie Lowe,stephanie.lowe1135@testes.com,pwd123
Gary Bauch,gary.bauch1136@testes.com,pwd123
Rufus Bradtke,rufus.bradtke1137@testes.com,pwd123
Rosemary Rice,rosemary.rice1138@testes.com,pwd123
Mose Kiehn,mose.kiehn1139@testes.com,pwd123
Sydnee Sipes,sydnee.sipes1140@testes.com,pwd123
Theresa Monahan,theresa.monahan1141@testes.com,pwd123
Kristopher Heller,kristopher.heller1142@testes.com,pwd123
Felipa Romaguera,felipa.romaguera1143@testes.com,pwd123
Abner Goodwin,abner.goodwin1144@testes.com,pwd123
Norma Stoltenberg,norma.stoltenberg1145@testes.com,pwd123
Ryley Franey,ryley.franey1146@testes.com,pwd123
Sophia Harvey,sophia.harvey1147@testes.com,pwd123
Mathew Cummerata,mathew.cummerata1148@testes.com,pwd123
Maxime Anderson,maxime.anderson1149@testes.com,pwd123
Charlie Dach,charlie.dach1150@testes.com,pwd123
Gretchen Bins,gretchen.bins1151@testes.com,pwd123
Theresa Quigley-Harvey,theresa.quigley-harvey1152@testes.com,pwd123
Isaias Graham-Luettgen,isaias.graham-luettgen1153@testes.com,pwd123
Leonel Mohr,leonel.mohr1154@testes.com,pwd123
Selena Harber,selena.harber1155@testes.com,pwd123
Tami Denesik,tami.denesik1156@testes.com,pwd123
Stan Bartell,stan.bartell1157@testes.com,pwd123
Irving Cummings,irving.cummings1158@testes.com,pwd123
Nikki Quigley,nikki.quigley1159@testes.com,pwd123
Lucy Gibson,lucy.gibson1160@testes.com,pwd123
Amanda Pacocha,amanda.pacocha1161@testes.com,pwd123
Rene Dibbert,rene.dibbert1162@testes.com,pwd123
Sonja O'Conner,sonja.oconner1163@testes.com,pwd123
Elinore Gulgowski-Glover,elinore.gulgowski-glover1164@testes.com,pwd123
Cooper Wiegand,cooper.wiegand1165@testes.com,pwd123
Dixie Harber,dixie.harber1166@testes.com,pwd123
Amina Murray,amina.murray1167@testes.com,pwd123
Justen Sporer,justen.sporer1168@testes.com,pwd123
Caden Cremin,caden.cremin1169@testes.com,pwd123
Vinnie Marks,vinnie.marks1170@testes.com,pwd123
Krista Schaden,krista.schaden1171@testes.com,pwd123
Bridie Fadel,bridie.fadel1172@testes.com,pwd123
Araceli Veum,araceli.veum1173@testes.com,pwd123
Camille Senger,camille.senger1174@testes.com,pwd123
Lawson Dach,lawson.dach1175@testes.com,pwd123
Hilario Lynch,hilario.lynch1176@testes.com,pwd123
Alford Simonis,alford.simonis1177@testes.com,pwd123
Hubert Collins,hubert.collins1178@testes.com,pwd123
Maybell Stehr,maybell.stehr1179@testes.com,pwd123
Alivia Auer,alivia.auer1180@testes.com,pwd123
Darrell Jacobson,darrell.jacobson1181@testes.com,pwd123
Clay Schmeler-Fahey,clay.schmeler-fahey1182@testes.com,pwd123
Arlene Gutmann,arlene.gutmann1183@testes.com,pwd123
Jayden Fahey,jayden.fahey1184@testes.com,pwd123
Gerald Streich,gerald.streich1185@testes.com,pwd123
Brad O'Conner-Mosciski,brad.oconner-mosciski1186@testes.com,pwd123
Leda Heidenreich,leda.heidenreich1187@testes.com,pwd123
Andrea Gottlieb,andrea.gottlieb1188@testes.com,pwd123
Maggie Lang,maggie.lang1189@testes.com,pwd123
Aidan Conn,aidan.conn1190@testes.com,pwd123
Reggie Weber,reggie.weber1191@testes.com,pwd123
Carmel Lang,carmel.lang1192@testes.com,pwd123
Nadine Cole,nadine.cole1193@testes.com,pwd123
Corrine Block,corrine.block1194@testes.com,pwd123
Shelley Leffler,shelley.leffler1195@testes.com,pwd123
Aylin Johnson,aylin.johnson1196@testes.com,pwd123
Wade Schumm,wade.schumm1197@testes.com,pwd123
Geo Hettinger,geo.hettinger1198@testes.com,pwd123
Elnora Volkman,elnora.volkman1199@testes.com,pwd123
Carlos Powlowski,carlos.powlowski1200@testes.com,pwd123
Sigrid Gutmann,sigrid.gutmann1201@testes.com,pwd123
Brandy Toy,brandy.toy1202@testes.com,pwd123
Allen Schamberger,allen.schamberger1203@testes.com,pwd123
Stuart Volkman,stuart.volkman1204@testes.com,pwd123
Antonette Kautzer,antonette.kautzer1205@testes.com,pwd123
Olen DuBuque,olen.dubuque1206@testes.com,pwd123
Otis Parker,otis.parker1207@testes.com,pwd123
Allen Donnelly,allen.donnelly1208@testes.com,pwd123
Joseph Price,joseph.price1209@testes.com,pwd123
Rita Sporer,rita.sporer1210@testes.com,pwd123
Shaun Kassulke,shaun.kassulke1211@testes.com,pwd123
Maxine Swift,maxine.swift1212@testes.com,pwd123
Emma Dickinson,emma.dickinson1213@testes.com,pwd123
Alfredo Lubowitz,alfredo.lubowitz1214@testes.com,pwd123
Shane Hoeger,shane.hoeger1215@testes.com,pwd123
Glenn Kuhn,glenn.kuhn1216@testes.com,pwd123
Arturo Morar,arturo.morar1217@testes.com,pwd123
Vera Williamson,vera.williamson1218@testes.com,pwd123
Theresa Jones,theresa.jones1219@testes.com,pwd123
Ansley Lesch,ansley.lesch1220@testes.com,pwd123
Quinton Conn,quinton.conn1221@testes.com,pwd123
Kenyon Herzog,kenyon.herzog1222@testes.com,pwd123
Carlo Harber,carlo.harber1223@testes.com,pwd123
Miller Hills,miller.hills1224@testes.com,pwd123
Alfonso Morissette,alfonso.morissette1225@testes.com,pwd123
Vickie Lemke,vickie.lemke1226@testes.com,pwd123
Ryan Senger,ryan.senger1227@testes.com,pwd123
Andrea Cronin,andrea.cronin1228@testes.com,pwd123
Carol Mayer,carol.mayer1229@testes.com,pwd123
Gonzalo Johnson,gonzalo.johnson1230@testes.com,pwd123
Ariane Kuhn,ariane.kuhn1231@testes.com,pwd123
Christian Labadie-Roberts,christian.labadie-roberts1232@testes.com,pwd123
Aletha McKenzie,aletha.mckenzie1233@testes.com,pwd123
Henry Watsica,henry.watsica1234@testes.com,pwd123
Dexter Russel,dexter.russel1235@testes.com,pwd123
Robert Donnelly,robert.donnelly1236@testes.com,pwd123
Roxanne Schulist,roxanne.schulist1237@testes.com,pwd123
Jerad Dach,jerad.dach1238@testes.com,pwd123
Lynne Corwin-Ernser,lynne.corwin-ernser1239@testes.com,pwd123
Maggie O'Hara,maggie.ohara1240@testes.com,pwd123
Marvin Bernhard,marvin.bernhard1241@testes.com,pwd123
Dale Ortiz,dale.ortiz1242@testes.com,pwd123
Rebecca Reinger,rebecca.reinger1243@testes.com,pwd123
Suzanne Dare,suzanne.dare1244@testes.com,pwd123
Bartholome Prohaska,bartholome.prohaska1245@testes.com,pwd123
Jaquan Gerhold,jaquan.gerhold1246@testes.com,pwd123
Abby Prosacco,abby.prosacco1247@testes.com,pwd123
Jovani Koelpin,jovani.koelpin1248@testes.com,pwd123
Dixie Hoppe,dixie.hoppe1249@testes.com,pwd123
Bailee Schoen,bailee.schoen1250@testes.com,pwd123
Antonia Heidenreich,antonia.heidenreich1251@testes.com,pwd123
Stefan Beer,stefan.beer1252@testes.com,pwd123
Jamaal Hintz,jamaal.hintz1253@testes.com,pwd123
Gerhard Rice,gerhard.rice1254@testes.com,pwd123
Ebony Paucek,ebony.paucek1255@testes.com,pwd123
Ismael Gutkowski,ismael.gutkowski1256@testes.com,pwd123
Marsha Halvorson,marsha.halvorson1257@testes.com,pwd123
Jasmin Reynolds,jasmin.reynolds1258@testes.com,pwd123
Laverne Wunsch,laverne.wunsch1259@testes.com,pwd123
Marisa Mitchell,marisa.mitchell1260@testes.com,pwd123
Arielle Feeney,arielle.feeney1261@testes.com,pwd123
Meredith Hyatt,meredith.hyatt1262@testes.com,pwd123
Imelda Baumbach,imelda.baumbach1263@testes.com,pwd123
Joy Robel,joy.robel1264@testes.com,pwd123
Jimmie Lowe,jimmie.lowe1265@testes.com,pwd123
Connie Schroeder,connie.schroeder1266@testes.com,pwd123
Tyler Schamberger,tyler.schamberger1267@testes.com,pwd123
Brady Heller,brady.heller1268@testes.com,pwd123
Nasir Mosciski,nasir.mosciski1269@testes.com,pwd123
Leon Spinka,leon.spinka1270@testes.com,pwd123
Tasha Grimes,tasha.grimes1271@testes.com,pwd123
Andy Borer,andy.borer1272@testes.com,pwd123
Franz Johnston,franz.johnston1273@testes.com,pwd123
Angelica Schumm,angelica.schumm1274@testes.com,pwd123
Sydni Boyle,sydni.boyle1275@testes.com,pwd123
Darrin Kuhic,darrin.kuhic1276@testes.com,pwd123
Raphaelle Larkin,raphaelle.larkin1277@testes.com,pwd123
Freda Kozey,freda.kozey1278@testes.com,pwd123
Ellsworth Zulauf-Hayes,ellsworth.zulauf-hayes1279@testes.com,pwd123
Ivah Huels,ivah.huels1280@testes.com,pwd123
Toni Roberts,toni.roberts1281@testes.com,pwd123
Malachi Reynolds,malachi.reynolds1282@testes.com,pwd123
Candida Mayer,candida.mayer1283@testes.com,pwd123
Rollin Harber,rollin.harber1284@testes.com,pwd123
Zachary Parisian,zachary.parisian1285@testes.com,pwd123
Aubrey Robel,aubrey.robel1286@testes.com,pwd123
Norman Paucek,norman.paucek1287@testes.com,pwd123
Monty Bode,monty.bode1288@testes.com,pwd123
Priscilla Little,priscilla.little1289@testes.com,pwd123
Buck Goyette,buck.goyette1290@testes.com,pwd123
Emmie Swift,emmie.swift1291@testes.com,pwd123
Edward Klein,edward.klein1292@testes.com,pwd123
Jack Shields,jack.shields1293@testes.com,pwd123
Cory Connelly,cory.connelly1294@testes.com,pwd123
Winston Lehner,winston.lehner1295@testes.com,pwd123
Julio Wolf,julio.wolf1296@testes.com,pwd123
Ethel Heathcote,ethel.heathcote1297@testes.com,pwd123
Miguel Daniel,miguel.daniel1298@testes.com,pwd123
Devonte Schmeler,devonte.schmeler1299@testes.com,pwd123
Dejah Marvin,dejah.marvin1300@testes.com,pwd123
Cortney Wiza,cortney.wiza1301@testes.com,pwd123
Karina Bogisich,karina.bogisich1302@testes.com,pwd123
Charlotte Emard,charlotte.emard1303@testes.com,pwd123
Edna Gottlieb,edna.gottlieb1304@testes.com,pwd123
Reyna Wunsch,reyna.wunsch1305@testes.com,pwd123
Rolando Cartwright,rolando.cartwright1306@testes.com,pwd123
Valentin Weissnat-Hammes,valentin.weissnat-hammes1307@testes.com,pwd123
Henrietta Stracke,henrietta.stracke1308@testes.com,pwd123
Aubree Skiles,aubree.skiles1309@testes.com,pwd123
Milan Swaniawski,milan.swaniawski1310@testes.com,pwd123
Sonia Wehner,sonia.wehner1311@testes.com,pwd123
Selina Ortiz,selina.ortiz1312@testes.com,pwd123
Obie Cremin,obie.cremin1313@testes.com,pwd123
Ron Price,ron.price1314@testes.com,pwd123
Dwayne Fay,dwayne.fay1315@testes.com,pwd123
Jasmine Kessler,jasmine.kessler1316@testes.com,pwd123
Haley Collier-Gerhold,haley.collier-gerhold1317@testes.com,pwd123
Betty Huel,betty.huel1318@testes.com,pwd123
Josephine Bins,josephine.bins1319@testes.com,pwd123
Edyth Maggio,edyth.maggio1320@testes.com,pwd123
Audrey Conn,audrey.conn1321@testes.com,pwd123
Matthew Denesik-Maggio,matthew.denesik-maggio1322@testes.com,pwd123
Jim Bergstrom,jim.bergstrom1323@testes.com,pwd123
Madisen Breitenberg,madisen.breitenberg1324@testes.com,pwd123
Roy Botsford,roy.botsford1325@testes.com,pwd123
Ressie Kuhlman,ressie.kuhlman1326@testes.com,pwd123
Melinda Funk,melinda.funk1327@testes.com,pwd123
Nico Paucek,nico.paucek1328@testes.com,pwd123
Beverly Jerde,beverly.jerde1329@testes.com,pwd123
Franco Schroeder,franco.schroeder1330@testes.com,pwd123
Darnell King,darnell.king1331@testes.com,pwd123
Maximillian Klein,maximillian.klein1332@testes.com,pwd123
Pierce Runte,pierce.runte1333@testes.com,pwd123
Mose D'Amore,mose.damore1334@testes.com,pwd123
Terence Padberg,terence.padberg1335@testes.com,pwd123
Norman Kunde,norman.kunde1336@testes.com,pwd123
Amparo Botsford,amparo.botsford1337@testes.com,pwd123
Norma Bins,norma.bins1338@testes.com,pwd123
Daryl Abernathy,daryl.abernathy1339@testes.com,pwd123
Darrell Swift,darrell.swift1340@testes.com,pwd123
Eloise Dietrich,eloise.dietrich1341@testes.com,pwd123
Emily Bogan,emily.bogan1342@testes.com,pwd123
Sheldon Schaden,sheldon.schaden1343@testes.com,pwd123
Abagail Blanda,abagail.blanda1344@testes.com,pwd123
Cheyenne Bruen,cheyenne.bruen1345@testes.com,pwd123
Lynne Jacobs,lynne.jacobs1346@testes.com,pwd123
Margaret Mohr,margaret.mohr1347@testes.com,pwd123
Luis Beahan,luis.beahan1348@testes.com,pwd123
Darrell Kuhic,darrell.kuhic1349@testes.com,pwd123
Bryana Daniel,bryana.daniel1350@testes.com,pwd123
Penny Von,penny.von1351@testes.com,pwd123
Domenic Ebert,domenic.ebert1352@testes.com,pwd123
Emelie Pagac,emelie.pagac1353@testes.com,pwd123
Abby Treutel,abby.treutel1354@testes.com,pwd123
Terrence Langworth,terrence.langworth1355@testes.com,pwd123
Onie Shields,onie.shields1356@testes.com,pwd123
Lacy Ruecker,lacy.ruecker1357@testes.com,pwd123
Blake Adams,blake.adams1358@testes.com,pwd123
Miriam Renner,miriam.renner1359@testes.com,pwd123
Leilani Crona,leilani.crona1360@testes.com,pwd123
Dustin McLaughlin,dustin.mclaughlin1361@testes.com,pwd123
Gwendolyn Thiel,gwendolyn.thiel1362@testes.com,pwd123
Fredrick Tromp,fredrick.tromp1363@testes.com,pwd123
Marley Conn,marley.conn1364@testes.com,pwd123
Bernard Leannon,bernard.leannon1365@testes.com,pwd123
Zaria Jacobi,zaria.jacobi1366@testes.com,pwd123
Gertrude Gerlach,gertrude.gerlach1367@testes.com,pwd123
Kaden Effertz,kaden.effertz1368@testes.com,pwd123
Rubie Lindgren,rubie.lindgren1369@testes.com,pwd123
Ansley Emmerich,ansley.emmerich1370@testes.com,pwd123
Lennie Walker-Prohaska,lennie.walker-prohaska1371@testes.com,pwd123
Wilbert Schinner,wilbert.schinner1372@testes.com,pwd123
Sergio Lesch,sergio.lesch1373@testes.com,pwd123
Jonathon Funk,jonathon.funk1374@testes.com,pwd123
Marc Torphy,marc.torphy1375@testes.com,pwd123
Elyssa Blick,elyssa.blick1376@testes.com,pwd123
Lawson Walter,lawson.walter1377@testes.com,pwd123
Reynold Terry,reynold.terry1378@testes.com,pwd123
Moses Gerhold-Miller,moses.gerhold-miller1379@testes.com,pwd123
Jayson Bogan,jayson.bogan1380@testes.com,pwd123
Jimmie Torp,jimmie.torp1381@testes.com,pwd123
Linnie West,linnie.west1382@testes.com,pwd123
Jim Volkman,jim.volkman1383@testes.com,pwd123
Meredith Keeling,meredith.keeling1384@testes.com,pwd123
Aliyah Lubowitz-Deckow,aliyah.lubowitz-deckow1385@testes.com,pwd123
Jared Moore,jared.moore1386@testes.com,pwd123
Hillard Nikolaus,hillard.nikolaus1387@testes.com,pwd123
Nadine Howell,nadine.howell1388@testes.com,pwd123
Alejandro Moen,alejandro.moen1389@testes.com,pwd123
Murphy Wiegand,murphy.wiegand1390@testes.com,pwd123
Miller Langworth,miller.langworth1391@testes.com,pwd123
Golda Stroman,golda.stroman1392@testes.com,pwd123
Noe Franey,noe.franey1393@testes.com,pwd123
Gayle Parisian,gayle.parisian1394@testes.com,pwd123
Shaniya O'Keefe,shaniya.okeefe1395@testes.com,pwd123
Gladys Leannon,gladys.leannon1396@testes.com,pwd123
Guy Corwin,guy.corwin1397@testes.com,pwd123
Loyal Morissette,loyal.morissette1398@testes.com,pwd123
Gabriella Hahn,gabriella.hahn1399@testes.com,pwd123
Brenden Ferry,brenden.ferry1400@testes.com,pwd123
Megan Zemlak,megan.zemlak1401@testes.com,pwd123
Julio McLaughlin,julio.mclaughlin1402@testes.com,pwd123
Edward Skiles,edward.skiles1403@testes.com,pwd123
Wallace Runte,wallace.runte1404@testes.com,pwd123
Rolando Hirthe,rolando.hirthe1405@testes.com,pwd123
Lauren Ullrich,lauren.ullrich1406@testes.com,pwd123
Rachel Huels,rachel.huels1407@testes.com,pwd123
Florence Gottlieb,florence.gottlieb1408@testes.com,pwd123
Helena Buckridge,helena.buckridge1409@testes.com,pwd123
Mabelle Lowe,mabelle.lowe1410@testes.com,pwd123
Dell Bahringer,dell.bahringer1411@testes.com,pwd123
Joey Sawayn,joey.sawayn1412@testes.com,pwd123
Kaylah Turner,kaylah.turner1413@testes.com,pwd123
Kelvin Bergstrom,kelvin.bergstrom1414@testes.com,pwd123
Deion Vandervort,deion.vandervort1415@testes.com,pwd123
Cordie Gulgowski,cordie.gulgowski1416@testes.com,pwd123
Casimer VonRueden,casimer.vonrueden1417@testes.com,pwd123
Romaine O'Kon,romaine.okon1418@testes.com,pwd123
Marie McKenzie,marie.mckenzie1419@testes.com,pwd123
Debbie Dibbert,debbie.dibbert1420@testes.com,pwd123
Floyd West,floyd.west1421@testes.com,pwd123
Raleigh Rodriguez,raleigh.rodriguez1422@testes.com,pwd123
Anthony Spinka,anthony.spinka1423@testes.com,pwd123
Edgar Hermiston,edgar.hermiston1424@testes.com,pwd123
Eloisa Kuhic,eloisa.kuhic1425@testes.com,pwd123
Miles Tremblay,miles.tremblay1426@testes.com,pwd123
Roberta Waelchi,roberta.waelchi1427@testes.com,pwd123
Buddy Hoeger,buddy.hoeger1428@testes.com,pwd123
Ramon DuBuque,ramon.dubuque1429@testes.com,pwd123
Rhonda Zieme,rhonda.zieme1430@testes.com,pwd123
Wilson Cole,wilson.cole1431@testes.com,pwd123
Eleanora Heller,eleanora.heller1432@testes.com,pwd123
Yasmine Armstrong,yasmine.armstrong1433@testes.com,pwd123
Elisa Towne,elisa.towne1434@testes.com,pwd123
Jensen Jones,jensen.jones1435@testes.com,pwd123
Kathy Cummings,kathy.cummings1436@testes.com,pwd123
Sandrine Wyman,sandrine.wyman1437@testes.com,pwd123
Kirk DuBuque,kirk.dubuque1438@testes.com,pwd123
Mikel Kunde,mikel.kunde1439@testes.com,pwd123
Jamey Runolfsdottir,jamey.runolfsdottir1440@testes.com,pwd123
Federico Gislason,federico.gislason1441@testes.com,pwd123
Rozella Ebert,rozella.ebert1442@testes.com,pwd123
Eleonore Schimmel,eleonore.schimmel1443@testes.com,pwd123
Nicholas Waters,nicholas.waters1444@testes.com,pwd123
Jamir Hills,jamir.hills1445@testes.com,pwd123
Cecilia Mann,cecilia.mann1446@testes.com,pwd123
Douglas Mills,douglas.mills1447@testes.com,pwd123
Myrtie Mosciski,myrtie.mosciski1448@testes.com,pwd123
Albert Rath,albert.rath1449@testes.com,pwd123
Marcus Treutel,marcus.treutel1450@testes.com,pwd123
Georgia Berge,georgia.berge1451@testes.com,pwd123
Dion Hermann,dion.hermann1452@testes.com,pwd123
Edwina Walker,edwina.walker1453@testes.com,pwd123
Cameron Roob,cameron.roob1454@testes.com,pwd123
Norris Torp,norris.torp1455@testes.com,pwd123
Myrtle Mills,myrtle.mills1456@testes.com,pwd123
Jaylen Jacobson,jaylen.jacobson1457@testes.com,pwd123
Lydia Lindgren,lydia.lindgren1458@testes.com,pwd123
Jedidiah Breitenberg,jedidiah.breitenberg1459@testes.com,pwd123
Levi MacGyver,levi.macgyver1460@testes.com,pwd123
Keeley Hermiston,keeley.hermiston1461@testes.com,pwd123
Marshall Rogahn,marshall.rogahn1462@testes.com,pwd123
Beaulah Kertzmann,beaulah.kertzmann1463@testes.com,pwd123
Dario Gerlach,dario.gerlach1464@testes.com,pwd123
Clemmie Grimes,clemmie.grimes1465@testes.com,pwd123
Yasmeen Williamson,yasmeen.williamson1466@testes.com,pwd123
Kathleen Metz,kathleen.metz1467@testes.com,pwd123
Orie Welch,orie.welch1468@testes.com,pwd123
Carla Mills,carla.mills1469@testes.com,pwd123
Timmy Jenkins,timmy.jenkins1470@testes.com,pwd123
Isadore Reichel,isadore.reichel1471@testes.com,pwd123
Marshall Kirlin,marshall.kirlin1472@testes.com,pwd123
Diana Prosacco,diana.prosacco1473@testes.com,pwd123
Viviane Moen,viviane.moen1474@testes.com,pwd123
Marshall Donnelly,marshall.donnelly1475@testes.com,pwd123
Gary Swaniawski,gary.swaniawski1476@testes.com,pwd123
Pedro Sawayn,pedro.sawayn1477@testes.com,pwd123
Hosea Grady,hosea.grady1478@testes.com,pwd123
Dave Hahn,dave.hahn1479@testes.com,pwd123
Etha Streich,etha.streich1480@testes.com,pwd123
Sidney Jast,sidney.jast1481@testes.com,pwd123
Cassandra Swaniawski,cassandra.swaniawski1482@testes.com,pwd123
Terrence Stehr,terrence.stehr1483@testes.com,pwd123
Opal Aufderhar,opal.aufderhar1484@testes.com,pwd123
Maurine Weissnat,maurine.weissnat1485@testes.com,pwd123
Marjorie Lockman,marjorie.lockman1486@testes.com,pwd123
Charlotte Little,charlotte.little1487@testes.com,pwd123
Carter Shields,carter.shields1488@testes.com,pwd123
Cole Nader,cole.nader1489@testes.com,pwd123
Greg Kulas,greg.kulas1490@testes.com,pwd123
Alexys Nolan,alexys.nolan1491@testes.com,pwd123
Terry Orn,terry.orn1492@testes.com,pwd123
Gene Schmidt,gene.schmidt1493@testes.com,pwd123
Roberta Adams,roberta.adams1494@testes.com,pwd123
Sharon Carroll,sharon.carroll1495@testes.com,pwd123
Alexander O'Connell,alexander.oconnell1496@testes.com,pwd123
Annette Boyle,annette.boyle1497@testes.com,pwd123
Zion Batz,zion.batz1498@testes.com,pwd123
Blanca Hagenes,blanca.hagenes1499@testes.com,pwd123
Alonzo Reinger,alonzo.reinger1500@testes.com,pwd123
Jaylen Reynolds,jaylen.reynolds1501@testes.com,pwd123
Carleton Williamson,carleton.williamson1502@testes.com,pwd123
Ida Heathcote,ida.heathcote1503@testes.com,pwd123
Akeem Hoeger,akeem.hoeger1504@testes.com,pwd123
Michael Oberbrunner-Jerde,michael.oberbrunner-jerde1505@testes.com,pwd123
Melba Haag,melba.haag1506@testes.com,pwd123
Pearlie D'Amore,pearlie.damore1507@testes.com,pwd123
Boyd Hilpert,boyd.hilpert1508@testes.com,pwd123
Kaden Heaney,kaden.heaney1509@testes.com,pwd123
Barbara Rowe,barbara.rowe1510@testes.com,pwd123
Brian Bruen,brian.bruen1511@testes.com,pwd123
Conner Weimann,conner.weimann1512@testes.com,pwd123
Lorena Vandervort,lorena.vandervort1513@testes.com,pwd123
Julian Auer,julian.auer1514@testes.com,pwd123
Sheryl Gerlach,sheryl.gerlach1515@testes.com,pwd123
Wava Fadel,wava.fadel1516@testes.com,pwd123
Jerry Kilback,jerry.kilback1517@testes.com,pwd123
Consuelo Zieme,consuelo.zieme1518@testes.com,pwd123
Sonja McDermott,sonja.mcdermott1519@testes.com,pwd123
Alex Frami,alex.frami1520@testes.com,pwd123
Jayson Crooks,jayson.crooks1521@testes.com,pwd123
Alyssa Mosciski,alyssa.mosciski1522@testes.com,pwd123
Fidel Jakubowski,fidel.jakubowski1523@testes.com,pwd123
Mervin Mante,mervin.mante1524@testes.com,pwd123
Edmond Schumm,edmond.schumm1525@testes.com,pwd123
Kira Wilderman,kira.wilderman1526@testes.com,pwd123
Gerald Hills,gerald.hills1527@testes.com,pwd123
Anthony Satterfield,anthony.satterfield1528@testes.com,pwd123
Derrick Hirthe,derrick.hirthe1529@testes.com,pwd123
Timothy Rogahn,timothy.rogahn1530@testes.com,pwd123
Cynthia Kuhic,cynthia.kuhic1531@testes.com,pwd123
Mona Reichel,mona.reichel1532@testes.com,pwd123
Cedric D'Amore,cedric.damore1533@testes.com,pwd123
Georgia Mitchell,georgia.mitchell1534@testes.com,pwd123
Michaela Konopelski,michaela.konopelski1535@testes.com,pwd123
Foster Nitzsche,foster.nitzsche1536@testes.com,pwd123
Nicole Hoppe,nicole.hoppe1537@testes.com,pwd123
Alexys Crooks,alexys.crooks1538@testes.com,pwd123
Nikko Schneider,nikko.schneider1539@testes.com,pwd123
Jameson Friesen,jameson.friesen1540@testes.com,pwd123
Annette Stanton,annette.stanton1541@testes.com,pwd123
Etha Toy,etha.toy1542@testes.com,pwd123
Adaline Hickle,adaline.hickle1543@testes.com,pwd123
Irene Ondricka,irene.ondricka1544@testes.com,pwd123
Elvera Shields,elvera.shields1545@testes.com,pwd123
Muriel Senger,muriel.senger1546@testes.com,pwd123
Gino Sawayn,gino.sawayn1547@testes.com,pwd123
Destany Kuhn,destany.kuhn1548@testes.com,pwd123
Marcella Wisoky,marcella.wisoky1549@testes.com,pwd123
Dolores Jenkins,dolores.jenkins1550@testes.com,pwd123
Bernice Harvey,bernice.harvey1551@testes.com,pwd123
Philip Cummings,philip.cummings1552@testes.com,pwd123
Cary Keebler,cary.keebler1553@testes.com,pwd123
Melissa Beatty-Kuvalis,melissa.beatty-kuvalis1554@testes.com,pwd123
Hayley Larkin,hayley.larkin1555@testes.com,pwd123
Gary Sawayn,gary.sawayn1556@testes.com,pwd123
Nella Waelchi,nella.waelchi1557@testes.com,pwd123
Lamar Zemlak,lamar.zemlak1558@testes.com,pwd123
Brooke Jacobs,brooke.jacobs1559@testes.com,pwd123
Sylvia Hamill,sylvia.hamill1560@testes.com,pwd123
Donnie Dare,donnie.dare1561@testes.com,pwd123
Alyssa Lemke,alyssa.lemke1562@testes.com,pwd123
Monserrat Reinger,monserrat.reinger1563@testes.com,pwd123
Lelia Prosacco,lelia.prosacco1564@testes.com,pwd123
Natasha Lemke,natasha.lemke1565@testes.com,pwd123
Wilford Wuckert,wilford.wuckert1566@testes.com,pwd123
Anita Swift,anita.swift1567@testes.com,pwd123
Jakayla Wilderman,jakayla.wilderman1568@testes.com,pwd123
May Kirlin,may.kirlin1569@testes.com,pwd123
Dedric Reinger,dedric.reinger1570@testes.com,pwd123
Dorothy Hermiston,dorothy.hermiston1571@testes.com,pwd123
Caleigh DuBuque,caleigh.dubuque1572@testes.com,pwd123
Pauline Lang,pauline.lang1573@testes.com,pwd123
Carlee Hessel,carlee.hessel1574@testes.com,pwd123
Henrietta Wiegand,henrietta.wiegand1575@testes.com,pwd123
Greta Christiansen,greta.christiansen1576@testes.com,pwd123
Antoinette Kuhn,antoinette.kuhn1577@testes.com,pwd123
Samara Boehm,samara.boehm1578@testes.com,pwd123
Reyes Boyer,reyes.boyer1579@testes.com,pwd123
Gerda Larkin,gerda.larkin1580@testes.com,pwd123
Arne Dicki,arne.dicki1581@testes.com,pwd123
Elbert Stracke,elbert.stracke1582@testes.com,pwd123
Ida Kassulke,ida.kassulke1583@testes.com,pwd123
Oscar Lockman,oscar.lockman1584@testes.com,pwd123
Nathan Hermann,nathan.hermann1585@testes.com,pwd123
Lucy Lind,lucy.lind1586@testes.com,pwd123
Maeve Larson,maeve.larson1587@testes.com,pwd123
Iva Emmerich,iva.emmerich1588@testes.com,pwd123
Gwendolyn Haag,gwendolyn.haag1589@testes.com,pwd123
Raquel Stoltenberg,raquel.stoltenberg1590@testes.com,pwd123
Russel Blick,russel.blick1591@testes.com,pwd123
Isidro Berge,isidro.berge1592@testes.com,pwd123
Karianne Boehm,karianne.boehm1593@testes.com,pwd123
Ernesto Borer,ernesto.borer1594@testes.com,pwd123
Patty Padberg,patty.padberg1595@testes.com,pwd123
Russell Kirlin-Bergstrom,russell.kirlin-bergstrom1596@testes.com,pwd123
Adolf Hintz,adolf.hintz1597@testes.com,pwd123
Dwayne Kertzmann-Turcotte,dwayne.kertzmann-turcotte1598@testes.com,pwd123
Alexandra Cummerata,alexandra.cummerata1599@testes.com,pwd123
Aditya Hirthe,aditya.hirthe1600@testes.com,pwd123
Grady Rath,grady.rath1601@testes.com,pwd123
Lyric Von-Conroy,lyric.von-conroy1602@testes.com,pwd123
August Feil,august.feil1603@testes.com,pwd123
Hugo Weimann,hugo.weimann1604@testes.com,pwd123
Noah Yost,noah.yost1605@testes.com,pwd123
Marianne Torp,marianne.torp1606@testes.com,pwd123
Kristin Kozey,kristin.kozey1607@testes.com,pwd123
Cindy Will,cindy.will1608@testes.com,pwd123
Etha Wolf,etha.wolf1609@testes.com,pwd123
Judith Hintz,judith.hintz1610@testes.com,pwd123
Corey MacGyver,corey.macgyver1611@testes.com,pwd123
Sally Hermiston,sally.hermiston1612@testes.com,pwd123
Florencio Kling,florencio.kling1613@testes.com,pwd123
Anastasia Koch,anastasia.koch1614@testes.com,pwd123
Elenora Ondricka,elenora.ondricka1615@testes.com,pwd123
Halle Stanton,halle.stanton1616@testes.com,pwd123
Foster Hodkiewicz,foster.hodkiewicz1617@testes.com,pwd123
Dora Davis,dora.davis1618@testes.com,pwd123
Lewis Dooley,lewis.dooley1619@testes.com,pwd123
Elvie Weissnat,elvie.weissnat1620@testes.com,pwd123
Lavern King,lavern.king1621@testes.com,pwd123
Phil Gibson,phil.gibson1622@testes.com,pwd123
Colt Turcotte,colt.turcotte1623@testes.com,pwd123
Jeanette Conn,jeanette.conn1624@testes.com,pwd123
Zetta Thompson,zetta.thompson1625@testes.com,pwd123
Abner Schroeder,abner.schroeder1626@testes.com,pwd123
Jon Ziemann,jon.ziemann1627@testes.com,pwd123
Archie Towne,archie.towne1628@testes.com,pwd123
Bonnie Hirthe,bonnie.hirthe1629@testes.com,pwd123
Kaley Dare,kaley.dare1630@testes.com,pwd123
Steven Carroll,steven.carroll1631@testes.com,pwd123
Grant Wilderman,grant.wilderman1632@testes.com,pwd123
Caesar Shields,caesar.shields1633@testes.com,pwd123
Emmett Crooks,emmett.crooks1634@testes.com,pwd123
Vicky Steuber,vicky.steuber1635@testes.com,pwd123
Douglas Kozey,douglas.kozey1636@testes.com,pwd123
Emanuel Rempel,emanuel.rempel1637@testes.com,pwd123
Rudy Hudson,rudy.hudson1638@testes.com,pwd123
Nick Ondricka,nick.ondricka1639@testes.com,pwd123
Mack Barton,mack.barton1640@testes.com,pwd123
Opal D'Amore,opal.damore1641@testes.com,pwd123
Albert Moen,albert.moen1642@testes.com,pwd123
Marco Jacobi,marco.jacobi1643@testes.com,pwd123
Lucas Bednar,lucas.bednar1644@testes.com,pwd123
Kelsie Wolff,kelsie.wolff1645@testes.com,pwd123
Horace Swift,horace.swift1646@testes.com,pwd123
Hayley Mosciski,hayley.mosciski1647@testes.com,pwd123
Ronald Bradtke,ronald.bradtke1648@testes.com,pwd123
Wendell Erdman,wendell.erdman1649@testes.com,pwd123
Tavares Waelchi,tavares.waelchi1650@testes.com,pwd123
Oliver Johns,oliver.johns1651@testes.com,pwd123
Rodolfo Nicolas,rodolfo.nicolas1652@testes.com,pwd123
Estel Lockman,estel.lockman1653@testes.com,pwd123
Carolanne Hartmann,carolanne.hartmann1654@testes.com,pwd123
Evan Feest,evan.feest1655@testes.com,pwd123
Terence Thompson,terence.thompson1656@testes.com,pwd123
Drew Mraz,drew.mraz1657@testes.com,pwd123
Leonard Ratke,leonard.ratke1658@testes.com,pwd123
Sheila Kreiger,sheila.kreiger1659@testes.com,pwd123
Randolph Bruen,randolph.bruen1660@testes.com,pwd123
Shelly Satterfield,shelly.satterfield1661@testes.com,pwd123
Sheryl Koelpin,sheryl.koelpin1662@testes.com,pwd123
Lane Considine,lane.considine1663@testes.com,pwd123
Faye Schiller,faye.schiller1664@testes.com,pwd123
Byron Torp,byron.torp1665@testes.com,pwd123
Bessie Kirlin,bessie.kirlin1666@testes.com,pwd123
Violet Johns,violet.johns1667@testes.com,pwd123
Johnathan Kiehn-Stehr,johnathan.kiehn-stehr1668@testes.com,pwd123
Donnie Bayer,donnie.bayer1669@testes.com,pwd123
Brianne Fay,brianne.fay1670@testes.com,pwd123
Eda Thompson,eda.thompson1671@testes.com,pwd123
Meghan Ryan,meghan.ryan1672@testes.com,pwd123
Sophie Dicki,sophie.dicki1673@testes.com,pwd123
Grant Padberg,grant.padberg1674@testes.com,pwd123
Clyde Wolff,clyde.wolff1675@testes.com,pwd123
Nickolas Brekke,nickolas.brekke1676@testes.com,pwd123
Haylee Cronin,haylee.cronin1677@testes.com,pwd123
Charley Dickens,charley.dickens1678@testes.com,pwd123
Velma Romaguera,velma.romaguera1679@testes.com,pwd123
Ena Reichel,ena.reichel1680@testes.com,pwd123
Dane Mueller,dane.mueller1681@testes.com,pwd123
Charles Greenholt,charles.greenholt1682@testes.com,pwd123
Joey Reichert,joey.reichert1683@testes.com,pwd123
Kaylie Tromp-Wuckert,kaylie.tromp-wuckert1684@testes.com,pwd123
Anika Emmerich,anika.emmerich1685@testes.com,pwd123
Geneva Quigley,geneva.quigley1686@testes.com,pwd123
Tommie Marquardt,tommie.marquardt1687@testes.com,pwd123
Diana Upton,diana.upton1688@testes.com,pwd123
Zakary Orn,zakary.orn1689@testes.com,pwd123
Izaiah Greenfelder,izaiah.greenfelder1690@testes.com,pwd123
Jamar Green,jamar.green1691@testes.com,pwd123
Heath Larson,heath.larson1692@testes.com,pwd123
Isobel Walter,isobel.walter1693@testes.com,pwd123
Forrest Moen,forrest.moen1694@testes.com,pwd123
Cindy Cummerata,cindy.cummerata1695@testes.com,pwd123
Terrance Keebler-Shields,terrance.keebler-shields1696@testes.com,pwd123
Maddison Gerlach,maddison.gerlach1697@testes.com,pwd123
Evan Abbott,evan.abbott1698@testes.com,pwd123
Federico Mills,federico.mills1699@testes.com,pwd123
Ayana Weissnat,ayana.weissnat1700@testes.com,pwd123
Keshaun Bradtke,keshaun.bradtke1701@testes.com,pwd123
Oswald McGlynn,oswald.mcglynn1702@testes.com,pwd123
Joelle Kuvalis,joelle.kuvalis1703@testes.com,pwd123
Leland Ward,leland.ward1704@testes.com,pwd123
Michelle Thompson,michelle.thompson1705@testes.com,pwd123
Allan Shanahan,allan.shanahan1706@testes.com,pwd123
Quinten O'Keefe,quinten.okeefe1707@testes.com,pwd123
Ephraim Welch,ephraim.welch1708@testes.com,pwd123
Kristopher Nader,kristopher.nader1709@testes.com,pwd123
Barry Gleason,barry.gleason1710@testes.com,pwd123
Brian Durgan,brian.durgan1711@testes.com,pwd123
Kayla Bruen,kayla.bruen1712@testes.com,pwd123
Armand Kohler,armand.kohler1713@testes.com,pwd123
Andrea Johns,andrea.johns1714@testes.com,pwd123
Travis Rogahn,travis.rogahn1715@testes.com,pwd123
Dee Kessler,dee.kessler1716@testes.com,pwd123
Theresa Schimmel,theresa.schimmel1717@testes.com,pwd123
Carole Brakus,carole.brakus1718@testes.com,pwd123
Jo Lynch,jo.lynch1719@testes.com,pwd123
Arno Ritchie,arno.ritchie1720@testes.com,pwd123
Wade Block,wade.block1721@testes.com,pwd123
Marco Paucek,marco.paucek1722@testes.com,pwd123
Gerardo Brakus,gerardo.brakus1723@testes.com,pwd123
Luz Smith-Hegmann,luz.smith-hegmann1724@testes.com,pwd123
Rosalie Quigley,rosalie.quigley1725@testes.com,pwd123
Shaina Okuneva,shaina.okuneva1726@testes.com,pwd123
Roy Bahringer,roy.bahringer1727@testes.com,pwd123
Agustina Mann,agustina.mann1728@testes.com,pwd123
Brandon Cummings,brandon.cummings1729@testes.com,pwd123
Eva Hagenes,eva.hagenes1730@testes.com,pwd123
Scott Hegmann,scott.hegmann1731@testes.com,pwd123
Desiree Legros,desiree.legros1732@testes.com,pwd123
Domingo Volkman,domingo.volkman1733@testes.com,pwd123
Keyshawn Ortiz,keyshawn.ortiz1734@testes.com,pwd123
Miguel Bergnaum,miguel.bergnaum1735@testes.com,pwd123
Marilyn Thompson-Smith,marilyn.thompson-smith1736@testes.com,pwd123
Cora Rohan,cora.rohan1737@testes.com,pwd123
Jordane Murazik,jordane.murazik1738@testes.com,pwd123
Heaven Marvin,heaven.marvin1739@testes.com,pwd123
Inez Gusikowski,inez.gusikowski1740@testes.com,pwd123
Leopold Goldner,leopold.goldner1741@testes.com,pwd123
Emma Turcotte,emma.turcotte1742@testes.com,pwd123
Dangelo Hessel,dangelo.hessel1743@testes.com,pwd123
Tyrell Bechtelar,tyrell.bechtelar1744@testes.com,pwd123
Twila Hickle,twila.hickle1745@testes.com,pwd123
Wade Carter,wade.carter1746@testes.com,pwd123
Kelvin Altenwerth,kelvin.altenwerth1747@testes.com,pwd123
Kristina Frami,kristina.frami1748@testes.com,pwd123
Bernardo Schinner,bernardo.schinner1749@testes.com,pwd123
Israel Schaefer,israel.schaefer1750@testes.com,pwd123
Fernando Gleichner,fernando.gleichner1751@testes.com,pwd123
Peter Reilly,peter.reilly1752@testes.com,pwd123
Margaretta Torp,margaretta.torp1753@testes.com,pwd123
Tate Kozey,tate.kozey1754@testes.com,pwd123
Tyreek Greenholt,tyreek.greenholt1755@testes.com,pwd123
Hilton Wunsch,hilton.wunsch1756@testes.com,pwd123
Montana Nitzsche,montana.nitzsche1757@testes.com,pwd123
Joan Larson,joan.larson1758@testes.com,pwd123
Jasper Miller,jasper.miller1759@testes.com,pwd123
Bryan Hartmann,bryan.hartmann1760@testes.com,pwd123
Ilene Greenholt,ilene.greenholt1761@testes.com,pwd123
Landen Weimann,landen.weimann1762@testes.com,pwd123
Brandon Corkery,brandon.corkery1763@testes.com,pwd123
Julius Buckridge,julius.buckridge1764@testes.com,pwd123
Fritz Bartoletti,fritz.bartoletti1765@testes.com,pwd123
Britney Bernhard,britney.bernhard1766@testes.com,pwd123
Clayton Bartell,clayton.bartell1767@testes.com,pwd123
Edith Grant,edith.grant1768@testes.com,pwd123
Martha Maggio-Wolff,martha.maggio-wolff1769@testes.com,pwd123
Chet Dibbert,chet.dibbert1770@testes.com,pwd123
Mckenna Lockman-Fahey,mckenna.lockman-fahey1771@testes.com,pwd123
Zoie Franey-Legros,zoie.franey-legros1772@testes.com,pwd123
Hugh Toy,hugh.toy1773@testes.com,pwd123
Rosario Bernier,rosario.bernier1774@testes.com,pwd123
Hilario DuBuque,hilario.dubuque1775@testes.com,pwd123
Harmon Carter,harmon.carter1776@testes.com,pwd123
Maxime Von,maxime.von1777@testes.com,pwd123
Mark Hansen,mark.hansen1778@testes.com,pwd123
Sara Heidenreich,sara.heidenreich1779@testes.com,pwd123
Murray Blanda,murray.blanda1780@testes.com,pwd123
Gail Cassin,gail.cassin1781@testes.com,pwd123
Jessica Pacocha,jessica.pacocha1782@testes.com,pwd123
Eli Padberg,eli.padberg1783@testes.com,pwd123
Desmond Johnston-Kiehn,desmond.johnston-kiehn1784@testes.com,pwd123
Bryana Yundt,bryana.yundt1785@testes.com,pwd123
Lynette Rice,lynette.rice1786@testes.com,pwd123
Hailey Kuphal,hailey.kuphal1787@testes.com,pwd123
Gilberto Reichel,gilberto.reichel1788@testes.com,pwd123
Nolan Crooks,nolan.crooks1789@testes.com,pwd123
Chelsie King,chelsie.king1790@testes.com,pwd123
Summer McDermott,summer.mcdermott1791@testes.com,pwd123
Margarita Brown,margarita.brown1792@testes.com,pwd123
Gerson Zemlak,gerson.zemlak1793@testes.com,pwd123
Krystal Kiehn,krystal.kiehn1794@testes.com,pwd123
Clinton Hoppe,clinton.hoppe1795@testes.com,pwd123
Megan Casper,megan.casper1796@testes.com,pwd123
Wilbur Johns,wilbur.johns1797@testes.com,pwd123
Dawson Schmidt,dawson.schmidt1798@testes.com,pwd123
Layne Stamm,layne.stamm1799@testes.com,pwd123
Skyla Koelpin,skyla.koelpin1800@testes.com,pwd123
Elmer Armstrong,elmer.armstrong1801@testes.com,pwd123
Cindy Gulgowski,cindy.gulgowski1802@testes.com,pwd123
Shawn Mertz,shawn.mertz1803@testes.com,pwd123
Colin O'Kon,colin.okon1804@testes.com,pwd123
Vera Ryan,vera.ryan1805@testes.com,pwd123
Miller Kassulke,miller.kassulke1806@testes.com,pwd123
Patti Conroy,patti.conroy1807@testes.com,pwd123
Daija Mohr,daija.mohr1808@testes.com,pwd123
Dana Schulist,dana.schulist1809@testes.com,pwd123
Tyler Marks,tyler.marks1810@testes.com,pwd123
Miller Frami,miller.frami1811@testes.com,pwd123
Gordon Purdy,gordon.purdy1812@testes.com,pwd123
Irma Pfannerstill,irma.pfannerstill1813@testes.com,pwd123
Patti Farrell,patti.farrell1814@testes.com,pwd123
Harriet Balistreri,harriet.balistreri1815@testes.com,pwd123
Daphnee Littel,daphnee.littel1816@testes.com,pwd123
Rhonda Towne,rhonda.towne1817@testes.com,pwd123
Melody Franecki,melody.franecki1818@testes.com,pwd123
Wellington Runolfsdottir,wellington.runolfsdottir1819@testes.com,pwd123
Elian Stanton,elian.stanton1820@testes.com,pwd123
Lawson Beatty,lawson.beatty1821@testes.com,pwd123
Iris Deckow,iris.deckow1822@testes.com,pwd123
Ida Simonis,ida.simonis1823@testes.com,pwd123
Allison Schneider,allison.schneider1824@testes.com,pwd123
Lura Schuppe,lura.schuppe1825@testes.com,pwd123
Sheri Schaefer,sheri.schaefer1826@testes.com,pwd123
Nathan Gibson,nathan.gibson1827@testes.com,pwd123
Claud Hodkiewicz,claud.hodkiewicz1828@testes.com,pwd123
Jeremiah Schmidt,jeremiah.schmidt1829@testes.com,pwd123
Gretchen McCullough,gretchen.mccullough1830@testes.com,pwd123
Marc Marks,marc.marks1831@testes.com,pwd123
Blanca Reilly,blanca.reilly1832@testes.com,pwd123
Rosemarie Schumm,rosemarie.schumm1833@testes.com,pwd123
Carmen Haley,carmen.haley1834@testes.com,pwd123
Domingo O'Keefe,domingo.okeefe1835@testes.com,pwd123
Robb Schinner,robb.schinner1836@testes.com,pwd123
Eladio Kemmer,eladio.kemmer1837@testes.com,pwd123
Justin Bernhard,justin.bernhard1838@testes.com,pwd123
Amy Johnston,amy.johnston1839@testes.com,pwd123
Donnell Jakubowski,donnell.jakubowski1840@testes.com,pwd123
Kimberly Barton,kimberly.barton1841@testes.com,pwd123
Evelyn Feeney,evelyn.feeney1842@testes.com,pwd123
Cristopher Lockman,cristopher.lockman1843@testes.com,pwd123
Morris Johns,morris.johns1844@testes.com,pwd123
Lauryn Bartoletti,lauryn.bartoletti1845@testes.com,pwd123
Romaine Waelchi,romaine.waelchi1846@testes.com,pwd123
Rylee Effertz-Anderson,rylee.effertz-anderson1847@testes.com,pwd123
Guy Greenfelder,guy.greenfelder1848@testes.com,pwd123
Myrtis Dibbert,myrtis.dibbert1849@testes.com,pwd123
Natalie Williamson,natalie.williamson1850@testes.com,pwd123
Ashley Christiansen,ashley.christiansen1851@testes.com,pwd123
Noemie Sawayn,noemie.sawayn1852@testes.com,pwd123
Tamara Ruecker,tamara.ruecker1853@testes.com,pwd123
Frankie Larson,frankie.larson1854@testes.com,pwd123
Martha Dare,martha.dare1855@testes.com,pwd123
Clifton Gutkowski,clifton.gutkowski1856@testes.com,pwd123
Marianne Bartell,marianne.bartell1857@testes.com,pwd123
Connie Oberbrunner,connie.oberbrunner1858@testes.com,pwd123
Reanna Strosin,reanna.strosin1859@testes.com,pwd123
Connie Nader,connie.nader1860@testes.com,pwd123
Percival Schuster,percival.schuster1861@testes.com,pwd123
Brad Runolfsdottir,brad.runolfsdottir1862@testes.com,pwd123
Valentina Lemke,valentina.lemke1863@testes.com,pwd123
Christie Streich,christie.streich1864@testes.com,pwd123
Mitchell Luettgen,mitchell.luettgen1865@testes.com,pwd123
Karl Kirlin,karl.kirlin1866@testes.com,pwd123
Hosea Rath,hosea.rath1867@testes.com,pwd123
Assunta Hane,assunta.hane1868@testes.com,pwd123
Morris Funk,morris.funk1869@testes.com,pwd123
Leopoldo Bartoletti,leopoldo.bartoletti1870@testes.com,pwd123
Queen Runolfsson-Considine,queen.runolfsson-considine1871@testes.com,pwd123
Erin Prohaska,erin.prohaska1872@testes.com,pwd123
Hilario Ward,hilario.ward1873@testes.com,pwd123
Arvel Schumm,arvel.schumm1874@testes.com,pwd123
Taya Satterfield,taya.satterfield1875@testes.com,pwd123
Cristopher Kuhlman-Windler,cristopher.kuhlman-windler1876@testes.com,pwd123
Gladyce Glover,gladyce.glover1877@testes.com,pwd123
Llewellyn Ledner,llewellyn.ledner1878@testes.com,pwd123
Sidney Harber,sidney.harber1879@testes.com,pwd123
Regan Rice,regan.rice1880@testes.com,pwd123
Ike Roberts,ike.roberts1881@testes.com,pwd123
Rasheed Bednar,rasheed.bednar1882@testes.com,pwd123
Kathryn Wintheiser,kathryn.wintheiser1883@testes.com,pwd123
Hellen MacGyver,hellen.macgyver1884@testes.com,pwd123
Alejandra Hartmann,alejandra.hartmann1885@testes.com,pwd123
Saige Hessel,saige.hessel1886@testes.com,pwd123
Erik Wilkinson,erik.wilkinson1887@testes.com,pwd123
Ayla Schaden,ayla.schaden1888@testes.com,pwd123
Jared Wisoky,jared.wisoky1889@testes.com,pwd123
Kelsi Rutherford,kelsi.rutherford1890@testes.com,pwd123
Gregg Lesch,gregg.lesch1891@testes.com,pwd123
Luther Dooley,luther.dooley1892@testes.com,pwd123
Sheri Heidenreich,sheri.heidenreich1893@testes.com,pwd123
Leonora Huels,leonora.huels1894@testes.com,pwd123
Shanie Erdman,shanie.erdman1895@testes.com,pwd123
Delores Lynch,delores.lynch1896@testes.com,pwd123
Mindy Romaguera,mindy.romaguera1897@testes.com,pwd123
Kayden O'Reilly,kayden.oreilly1898@testes.com,pwd123
Winifred Berge,winifred.berge1899@testes.com,pwd123
Kari Grant,kari.grant1900@testes.com,pwd123
Uriel Schumm,uriel.schumm1901@testes.com,pwd123
Ryder Langworth,ryder.langworth1902@testes.com,pwd123
Darrell Morissette,darrell.morissette1903@testes.com,pwd123
Becky Keeling,becky.keeling1904@testes.com,pwd123
Jaylan White,jaylan.white1905@testes.com,pwd123
Daisy Herman,daisy.herman1906@testes.com,pwd123
Kobe Lockman,kobe.lockman1907@testes.com,pwd123
Morris Stokes,morris.stokes1908@testes.com,pwd123
Naomi Murazik,naomi.murazik1909@testes.com,pwd123
Haley Sipes,haley.sipes1910@testes.com,pwd123
Kariane Leannon,kariane.leannon1911@testes.com,pwd123
Rhianna Quigley,rhianna.quigley1912@testes.com,pwd123
Elaine Wehner,elaine.wehner1913@testes.com,pwd123
Crystal Barrows,crystal.barrows1914@testes.com,pwd123
Margret Streich,margret.streich1915@testes.com,pwd123
Alexzander Schmeler,alexzander.schmeler1916@testes.com,pwd123
Elijah Nolan,elijah.nolan1917@testes.com,pwd123
Valerie Kozey,valerie.kozey1918@testes.com,pwd123
Bonnie Considine,bonnie.considine1919@testes.com,pwd123
Maxwell Bosco,maxwell.bosco1920@testes.com,pwd123
Archie Kreiger,archie.kreiger1921@testes.com,pwd123
Joseph Herzog,joseph.herzog1922@testes.com,pwd123
Chris Hane,chris.hane1923@testes.com,pwd123
Francis Ziemann,francis.ziemann1924@testes.com,pwd123
Jerry Borer,jerry.borer1925@testes.com,pwd123
Clyde Rice,clyde.rice1926@testes.com,pwd123
Jayden Adams,jayden.adams1927@testes.com,pwd123
Magnolia Auer,magnolia.auer1928@testes.com,pwd123
Jeremiah Flatley,jeremiah.flatley1929@testes.com,pwd123
William D'Amore,william.damore1930@testes.com,pwd123
Alejandrin Altenwerth,alejandrin.altenwerth1931@testes.com,pwd123
Billie Buckridge,billie.buckridge1932@testes.com,pwd123
Kayla D'Amore,kayla.damore1933@testes.com,pwd123
Julius Toy,julius.toy1934@testes.com,pwd123
Jaylin Abbott,jaylin.abbott1935@testes.com,pwd123
Noah Haley,noah.haley1936@testes.com,pwd123
Bridgette Hackett-Ferry,bridgette.hackett-ferry1937@testes.com,pwd123
Leigh Stiedemann,leigh.stiedemann1938@testes.com,pwd123
Blanche Ritchie,blanche.ritchie1939@testes.com,pwd123
Jalen Hodkiewicz,jalen.hodkiewicz1940@testes.com,pwd123
Danny Herman,danny.herman1941@testes.com,pwd123
Ansel Stamm-Little,ansel.stamm-little1942@testes.com,pwd123
Salvador Schuster,salvador.schuster1943@testes.com,pwd123
Lane Zemlak,lane.zemlak1944@testes.com,pwd123
Lynda Bechtelar,lynda.bechtelar1945@testes.com,pwd123
Laurie Stokes,laurie.stokes1946@testes.com,pwd123
Bradley MacGyver,bradley.macgyver1947@testes.com,pwd123
Terri Larson,terri.larson1948@testes.com,pwd123
Claire Beer,claire.beer1949@testes.com,pwd123
Nyah Zieme,nyah.zieme1950@testes.com,pwd123
Cassandre Waelchi,cassandre.waelchi1951@testes.com,pwd123
Marlon Dooley,marlon.dooley1952@testes.com,pwd123
Izabella Torphy,izabella.torphy1953@testes.com,pwd123
Christie Donnelly,christie.donnelly1954@testes.com,pwd123
Virginia Konopelski,virginia.konopelski1955@testes.com,pwd123
Jose Larson,jose.larson1956@testes.com,pwd123
Antwan Dare,antwan.dare1957@testes.com,pwd123
Marlin Robel,marlin.robel1958@testes.com,pwd123
Hilbert Langworth,hilbert.langworth1959@testes.com,pwd123
Sheri Baumbach,sheri.baumbach1960@testes.com,pwd123
Abdul Strosin,abdul.strosin1961@testes.com,pwd123
Brock Purdy,brock.purdy1962@testes.com,pwd123
Lydia Gleichner,lydia.gleichner1963@testes.com,pwd123
John Kreiger,john.kreiger1964@testes.com,pwd123
Fatima Zboncak,fatima.zboncak1965@testes.com,pwd123
Jensen Harber,jensen.harber1966@testes.com,pwd123
Ryan Jakubowski,ryan.jakubowski1967@testes.com,pwd123
Darlene Harvey,darlene.harvey1968@testes.com,pwd123
Heather Ernser,heather.ernser1969@testes.com,pwd123
Elaine Gorczany,elaine.gorczany1970@testes.com,pwd123
Brianne Yundt,brianne.yundt1971@testes.com,pwd123
Nicklaus Kunze,nicklaus.kunze1972@testes.com,pwd123
Velda Langworth,velda.langworth1973@testes.com,pwd123
Carmine Jast,carmine.jast1974@testes.com,pwd123
Alex Fisher,alex.fisher1975@testes.com,pwd123
Boyd Abshire,boyd.abshire1976@testes.com,pwd123
Delores Padberg,delores.padberg1977@testes.com,pwd123
Myron Zemlak,myron.zemlak1978@testes.com,pwd123
Natalie Hamill,natalie.hamill1979@testes.com,pwd123
Treva Breitenberg-Rolfson,treva.breitenberg-rolfson1980@testes.com,pwd123
Zack Murray,zack.murray1981@testes.com,pwd123
Urban McDermott,urban.mcdermott1982@testes.com,pwd123
Macie Lueilwitz,macie.lueilwitz1983@testes.com,pwd123
Marlin Lockman,marlin.lockman1984@testes.com,pwd123
Mark Deckow,mark.deckow1985@testes.com,pwd123
Hyman Trantow,hyman.trantow1986@testes.com,pwd123
Bernadine Tromp,bernadine.tromp1987@testes.com,pwd123
Destin Friesen,destin.friesen1988@testes.com,pwd123
Gordon Boyle,gordon.boyle1989@testes.com,pwd123
London Lind,london.lind1990@testes.com,pwd123
Ruby Hand,ruby.hand1991@testes.com,pwd123
Levi Torp,levi.torp1992@testes.com,pwd123
Anabelle Turner,anabelle.turner1993@testes.com,pwd123
Dora Bruen,dora.bruen1994@testes.com,pwd123
Keon Mraz,keon.mraz1995@testes.com,pwd123
Yadira Abernathy,yadira.abernathy1996@testes.com,pwd123
Vicky Hegmann,vicky.hegmann1997@testes.com,pwd123
Melody Stehr,melody.stehr1998@testes.com,pwd123
Mozell Koch,mozell.koch1999@testes.com,pwd123
Patsy Feil,patsy.feil2000@testes.com,pwd123
Broderick O'Conner,broderick.oconner2001@testes.com,pwd123
Virginie Towne,virginie.towne2002@testes.com,pwd123
Justus Jacobson,justus.jacobson2003@testes.com,pwd123
Jonas Wuckert,jonas.wuckert2004@testes.com,pwd123
Scot Powlowski,scot.powlowski2005@testes.com,pwd123
Maurice Kerluke,maurice.kerluke2006@testes.com,pwd123
Harry Friesen,harry.friesen2007@testes.com,pwd123
Kristin Walter,kristin.walter2008@testes.com,pwd123
Judy Bahringer,judy.bahringer2009@testes.com,pwd123
Jessy Kreiger,jessy.kreiger2010@testes.com,pwd123
Erick Tremblay,erick.tremblay2011@testes.com,pwd123
Victoria Leffler,victoria.leffler2012@testes.com,pwd123
Margarete Ondricka,margarete.ondricka2013@testes.com,pwd123
Henry Jerde,henry.jerde2014@testes.com,pwd123
Roma Bauch-Barrows,roma.bauch-barrows2015@testes.com,pwd123
Judith Durgan,judith.durgan2016@testes.com,pwd123
Lindsay Lubowitz,lindsay.lubowitz2017@testes.com,pwd123
Aurelia Predovic,aurelia.predovic2018@testes.com,pwd123
Lola Graham,lola.graham2019@testes.com,pwd123
Demetris Feest,demetris.feest2020@testes.com,pwd123
Pablo Keebler,pablo.keebler2021@testes.com,pwd123
Patti Block,patti.block2022@testes.com,pwd123
Mildred Tremblay,mildred.tremblay2023@testes.com,pwd123
Delmer Johnson,delmer.johnson2024@testes.com,pwd123
Camren Bernier,camren.bernier2025@testes.com,pwd123
Christa Friesen,christa.friesen2026@testes.com,pwd123
Mercedes Daugherty,mercedes.daugherty2027@testes.com,pwd123
Sylvia Walter,sylvia.walter2028@testes.com,pwd123
Maureen Cummerata,maureen.cummerata2029@testes.com,pwd123
Bernhard Kunze,bernhard.kunze2030@testes.com,pwd123
Lindsey Kohler,lindsey.kohler2031@testes.com,pwd123
Lindsey D'Amore,lindsey.damore2032@testes.com,pwd123
Carson Okuneva,carson.okuneva2033@testes.com,pwd123
Katrine Runolfsdottir-Rosenbaum,katrine.runolfsdottir-rosenbaum2034@testes.com,pwd123
Anna Bauch,anna.bauch2035@testes.com,pwd123
Kody Rippin,kody.rippin2036@testes.com,pwd123
Ephraim Marvin,ephraim.marvin2037@testes.com,pwd123
Dangelo Herzog,dangelo.herzog2038@testes.com,pwd123
Patience Corkery,patience.corkery2039@testes.com,pwd123
Paulette McKenzie,paulette.mckenzie2040@testes.com,pwd123
Jeremy Sanford,jeremy.sanford2041@testes.com,pwd123
Ollie Beahan,ollie.beahan2042@testes.com,pwd123
Sasha Spinka,sasha.spinka2043@testes.com,pwd123
Geneva Lowe,geneva.lowe2044@testes.com,pwd123
Rochelle McGlynn,rochelle.mcglynn2045@testes.com,pwd123
Leticia Bednar,leticia.bednar2046@testes.com,pwd123
Kristen Mitchell-Baumbach,kristen.mitchell-baumbach2047@testes.com,pwd123
Mathias Simonis,mathias.simonis2048@testes.com,pwd123
Bryant Dickinson,bryant.dickinson2049@testes.com,pwd123
Elisha Tillman,elisha.tillman2050@testes.com,pwd123
Flossie Hackett,flossie.hackett2051@testes.com,pwd123
Junior Jones,junior.jones2052@testes.com,pwd123
Francesca Stoltenberg,francesca.stoltenberg2053@testes.com,pwd123
Bryant Gottlieb,bryant.gottlieb2054@testes.com,pwd123
David Hickle,david.hickle2055@testes.com,pwd123
Janet Mraz,janet.mraz2056@testes.com,pwd123
Ernesto Donnelly,ernesto.donnelly2057@testes.com,pwd123
Marcel Abbott,marcel.abbott2058@testes.com,pwd123
Lena Herman,lena.herman2059@testes.com,pwd123
Phil Moore,phil.moore2060@testes.com,pwd123
Pearline Bergstrom-Macejkovic,pearline.bergstrom-macejkovic2061@testes.com,pwd123
Jake Morissette,jake.morissette2062@testes.com,pwd123
Ruthie Willms,ruthie.willms2063@testes.com,pwd123
Kraig Hettinger,kraig.hettinger2064@testes.com,pwd123
Vilma Bernier,vilma.bernier2065@testes.com,pwd123
Lila Klocko,lila.klocko2066@testes.com,pwd123
Constance Roberts,constance.roberts2067@testes.com,pwd123
Roland Herzog,roland.herzog2068@testes.com,pwd123
Kendra Bogisich,kendra.bogisich2069@testes.com,pwd123
Alejandra Cassin,alejandra.cassin2070@testes.com,pwd123
Ryder Gleason,ryder.gleason2071@testes.com,pwd123
Armando Predovic-Little,armando.predovic-little2072@testes.com,pwd123
Victoria Kling,victoria.kling2073@testes.com,pwd123
Golden Grimes,golden.grimes2074@testes.com,pwd123
Dylan Mayert,dylan.mayert2075@testes.com,pwd123
Shanna Rau,shanna.rau2076@testes.com,pwd123
Leopold Corwin,leopold.corwin2077@testes.com,pwd123
Diamond Conroy,diamond.conroy2078@testes.com,pwd123
Sara Bahringer,sara.bahringer2079@testes.com,pwd123
Kristin Botsford,kristin.botsford2080@testes.com,pwd123
Bella Sanford,bella.sanford2081@testes.com,pwd123
Waldo Champlin,waldo.champlin2082@testes.com,pwd123
Emerald Jacobi,emerald.jacobi2083@testes.com,pwd123
Madaline Rowe,madaline.rowe2084@testes.com,pwd123
Rudolph Wyman,rudolph.wyman2085@testes.com,pwd123
Brionna Runolfsdottir,brionna.runolfsdottir2086@testes.com,pwd123
Margarete Kertzmann,margarete.kertzmann2087@testes.com,pwd123
Roberto Schaden,roberto.schaden2088@testes.com,pwd123
Jaqueline Gibson,jaqueline.gibson2089@testes.com,pwd123
Delia Konopelski,delia.konopelski2090@testes.com,pwd123
Hilma Wiegand,hilma.wiegand2091@testes.com,pwd123
Kim Reilly,kim.reilly2092@testes.com,pwd123
Caroline Batz,caroline.batz2093@testes.com,pwd123
Miranda Tremblay,miranda.tremblay2094@testes.com,pwd123
Maritza Watsica,maritza.watsica2095@testes.com,pwd123
Rudolph Rau,rudolph.rau2096@testes.com,pwd123
Deontae Smith,deontae.smith2097@testes.com,pwd123
Beatrice Rolfson,beatrice.rolfson2098@testes.com,pwd123
Maximus Treutel-Cummerata,maximus.treutel-cummerata2099@testes.com,pwd123
Krystal Hayes-Hirthe,krystal.hayes-hirthe2100@testes.com,pwd123
Rosalee Nicolas,rosalee.nicolas2101@testes.com,pwd123
Prince Medhurst,prince.medhurst2102@testes.com,pwd123
Erma Gutmann,erma.gutmann2103@testes.com,pwd123
Isaias Hoppe,isaias.hoppe2104@testes.com,pwd123
Franklin Torphy,franklin.torphy2105@testes.com,pwd123
Trever Green,trever.green2106@testes.com,pwd123
Kaleb Kessler,kaleb.kessler2107@testes.com,pwd123
Esther Morar,esther.morar2108@testes.com,pwd123
Bob Murphy,bob.murphy2109@testes.com,pwd123
Ethel Bode,ethel.bode2110@testes.com,pwd123
Jenna Yundt,jenna.yundt2111@testes.com,pwd123
Belinda Koss,belinda.koss2112@testes.com,pwd123
Alvera Feil,alvera.feil2113@testes.com,pwd123
Christa Kilback,christa.kilback2114@testes.com,pwd123
Claude McLaughlin,claude.mclaughlin2115@testes.com,pwd123
Renee Hermann,renee.hermann2116@testes.com,pwd123
Skyla Stanton,skyla.stanton2117@testes.com,pwd123
Albina Batz,albina.batz2118@testes.com,pwd123
Constantin Boyer,constantin.boyer2119@testes.com,pwd123
Sidney Pouros,sidney.pouros2120@testes.com,pwd123
Damon Bogan-Parker,damon.bogan-parker2121@testes.com,pwd123
Louise Smitham,louise.smitham2122@testes.com,pwd123
Zoie Kunze,zoie.kunze2123@testes.com,pwd123
Carolyn Boehm,carolyn.boehm2124@testes.com,pwd123
Bernadette Weimann,bernadette.weimann2125@testes.com,pwd123
Bettye Lindgren,bettye.lindgren2126@testes.com,pwd123
Nathaniel Armstrong,nathaniel.armstrong2127@testes.com,pwd123
Kenna Kiehn,kenna.kiehn2128@testes.com,pwd123
Jeramy Labadie,jeramy.labadie2129@testes.com,pwd123
Clara Davis,clara.davis2130@testes.com,pwd123
Osbaldo Emard,osbaldo.emard2131@testes.com,pwd123
Wendy Orn,wendy.orn2132@testes.com,pwd123
Monserrat Turcotte-Ritchie,monserrat.turcotte-ritchie2133@testes.com,pwd123
Ona Dare,ona.dare2134@testes.com,pwd123
Sonja Braun,sonja.braun2135@testes.com,pwd123
Darnell Kuvalis,darnell.kuvalis2136@testes.com,pwd123
Frederik Herman,frederik.herman2137@testes.com,pwd123
Julia Gulgowski,julia.gulgowski2138@testes.com,pwd123
Elmer Gorczany,elmer.gorczany2139@testes.com,pwd123
Lillian Macejkovic-Feeney,lillian.macejkovic-feeney2140@testes.com,pwd123
Alfredo Stark,alfredo.stark2141@testes.com,pwd123
Kristy D'Amore,kristy.damore2142@testes.com,pwd123
Vida Stehr-Boyle,vida.stehr-boyle2143@testes.com,pwd123
Annalise Erdman,annalise.erdman2144@testes.com,pwd123
Marjorie Rodriguez,marjorie.rodriguez2145@testes.com,pwd123
Lorenz Harvey,lorenz.harvey2146@testes.com,pwd123
Vergie Johns,vergie.johns2147@testes.com,pwd123
Tom Pouros-Ritchie,tom.pouros-ritchie2148@testes.com,pwd123
Henry Wilkinson-Miller,henry.wilkinson-miller2149@testes.com,pwd123
Amber Mraz,amber.mraz2150@testes.com,pwd123
Raoul Rodriguez,raoul.rodriguez2151@testes.com,pwd123
Kurtis Miller,kurtis.miller2152@testes.com,pwd123
Tommie McKenzie,tommie.mckenzie2153@testes.com,pwd123
Javier Osinski,javier.osinski2154@testes.com,pwd123
Alison Durgan,alison.durgan2155@testes.com,pwd123
Bethel Treutel-Bahringer,bethel.treutel-bahringer2156@testes.com,pwd123
Greg Nicolas,greg.nicolas2157@testes.com,pwd123
Millie Baumbach,millie.baumbach2158@testes.com,pwd123
Roland Mayert,roland.mayert2159@testes.com,pwd123
Rachel Jones,rachel.jones2160@testes.com,pwd123
Kathryn Dickens,kathryn.dickens2161@testes.com,pwd123
Marjory Windler,marjory.windler2162@testes.com,pwd123
Rowland Yundt,rowland.yundt2163@testes.com,pwd123
Glennie Lebsack,glennie.lebsack2164@testes.com,pwd123
Josiane Towne,josiane.towne2165@testes.com,pwd123
Dillon Ruecker,dillon.ruecker2166@testes.com,pwd123
Gideon Howe,gideon.howe2167@testes.com,pwd123
Mallie Marvin,mallie.marvin2168@testes.com,pwd123
Landen McGlynn,landen.mcglynn2169@testes.com,pwd123
Jalyn Purdy,jalyn.purdy2170@testes.com,pwd123
Iris Thompson,iris.thompson2171@testes.com,pwd123
Elenor Witting,elenor.witting2172@testes.com,pwd123
Monserrat Beier,monserrat.beier2173@testes.com,pwd123
Aubrey Kris,aubrey.kris2174@testes.com,pwd123
Retha Rath,retha.rath2175@testes.com,pwd123
Clifford Willms,clifford.willms2176@testes.com,pwd123
Marcelle Beahan,marcelle.beahan2177@testes.com,pwd123
Koby Keebler,koby.keebler2178@testes.com,pwd123
Conrad Berge,conrad.berge2179@testes.com,pwd123
Osborne Buckridge,osborne.buckridge2180@testes.com,pwd123
Mariana Nolan,mariana.nolan2181@testes.com,pwd123
Justin Beer,justin.beer2182@testes.com,pwd123
Magnolia Hills,magnolia.hills2183@testes.com,pwd123
Ellen Sipes,ellen.sipes2184@testes.com,pwd123
Hollis Hegmann,hollis.hegmann2185@testes.com,pwd123
Erick Breitenberg,erick.breitenberg2186@testes.com,pwd123
Jabari Powlowski,jabari.powlowski2187@testes.com,pwd123
Caroline Abbott,caroline.abbott2188@testes.com,pwd123
Jeanette Howell,jeanette.howell2189@testes.com,pwd123
Thomas Jacobi,thomas.jacobi2190@testes.com,pwd123
Kobe Rempel,kobe.rempel2191@testes.com,pwd123
Walter Feeney,walter.feeney2192@testes.com,pwd123
Maureen Bergstrom,maureen.bergstrom2193@testes.com,pwd123
Chris Konopelski,chris.konopelski2194@testes.com,pwd123
Moses Kiehn,moses.kiehn2195@testes.com,pwd123
Brando Strosin,brando.strosin2196@testes.com,pwd123
Amelia Kuhlman,amelia.kuhlman2197@testes.com,pwd123
Elwyn Pfeffer,elwyn.pfeffer2198@testes.com,pwd123
Craig Fahey,craig.fahey2199@testes.com,pwd123
Arthur Conn,arthur.conn2200@testes.com,pwd123
Andrea Lemke,andrea.lemke2201@testes.com,pwd123
Timothy Stroman,timothy.stroman2202@testes.com,pwd123
Watson Bartell,watson.bartell2203@testes.com,pwd123
Holly Windler,holly.windler2204@testes.com,pwd123
Velva Pouros,velva.pouros2205@testes.com,pwd123
Alicia Weissnat,alicia.weissnat2206@testes.com,pwd123
Pascale Labadie,pascale.labadie2207@testes.com,pwd123
Velma Durgan,velma.durgan2208@testes.com,pwd123
Jordon Armstrong,jordon.armstrong2209@testes.com,pwd123
Arden Buckridge,arden.buckridge2210@testes.com,pwd123
Karianne McGlynn,karianne.mcglynn2211@testes.com,pwd123
Elbert Kessler,elbert.kessler2212@testes.com,pwd123
Scottie Huels,scottie.huels2213@testes.com,pwd123
Roger Hettinger,roger.hettinger2214@testes.com,pwd123
Patrick Huel,patrick.huel2215@testes.com,pwd123
Ramiro Schinner,ramiro.schinner2216@testes.com,pwd123
Mazie Hauck,mazie.hauck2217@testes.com,pwd123
Shane Koch,shane.koch2218@testes.com,pwd123
Libbie Shields,libbie.shields2219@testes.com,pwd123
Eddie Gorczany-DuBuque,eddie.gorczany-dubuque2220@testes.com,pwd123
James Spencer,james.spencer2221@testes.com,pwd123
Santos Beatty,santos.beatty2222@testes.com,pwd123
Mose Ankunding,mose.ankunding2223@testes.com,pwd123
Camille VonRueden,camille.vonrueden2224@testes.com,pwd123
Bulah Hahn,bulah.hahn2225@testes.com,pwd123
Nels Ebert,nels.ebert2226@testes.com,pwd123
Elsa Zboncak-Beahan,elsa.zboncak-beahan2227@testes.com,pwd123
Dwight MacGyver,dwight.macgyver2228@testes.com,pwd123
Fred Boyer,fred.boyer2229@testes.com,pwd123
Simeon Runolfsson,simeon.runolfsson2230@testes.com,pwd123
Arturo Kilback,arturo.kilback2231@testes.com,pwd123
Nicholas Krajcik,nicholas.krajcik2232@testes.com,pwd123
Josie Lowe,josie.lowe2233@testes.com,pwd123
Rowena Windler,rowena.windler2234@testes.com,pwd123
Joyce Ritchie,joyce.ritchie2235@testes.com,pwd123
Kiley Schaden-Cummerata,kiley.schaden-cummerata2236@testes.com,pwd123
Arturo Hickle,arturo.hickle2237@testes.com,pwd123
Lisandro Deckow,lisandro.deckow2238@testes.com,pwd123
Patricia Roob,patricia.roob2239@testes.com,pwd123
Genoveva Romaguera,genoveva.romaguera2240@testes.com,pwd123
Karlee Harber,karlee.harber2241@testes.com,pwd123
Lillian Spinka,lillian.spinka2242@testes.com,pwd123
Jude Schuppe,jude.schuppe2243@testes.com,pwd123
Ana Corwin-Braun,ana.corwin-braun2244@testes.com,pwd123
Anna Marks,anna.marks2245@testes.com,pwd123
Kenya Boehm-Hilll,kenya.boehm-hilll2246@testes.com,pwd123
Shelley Krajcik,shelley.krajcik2247@testes.com,pwd123
Peggy Gibson-O'Connell,peggy.gibson-oconnell2248@testes.com,pwd123
Freda Torp,freda.torp2249@testes.com,pwd123
Helena Terry,helena.terry2250@testes.com,pwd123
Van Sauer,van.sauer2251@testes.com,pwd123
Geneva Gusikowski-Ferry,geneva.gusikowski-ferry2252@testes.com,pwd123
Mathew Hansen,mathew.hansen2253@testes.com,pwd123
Ira Mohr,ira.mohr2254@testes.com,pwd123
Melody Bashirian,melody.bashirian2255@testes.com,pwd123
Georgia Sawayn,georgia.sawayn2256@testes.com,pwd123
Lila Johns,lila.johns2257@testes.com,pwd123
Constance Goyette,constance.goyette2258@testes.com,pwd123
Benny Kiehn,benny.kiehn2259@testes.com,pwd123
Veda Collier,veda.collier2260@testes.com,pwd123
Blaise Bartoletti,blaise.bartoletti2261@testes.com,pwd123
Otto Collier,otto.collier2262@testes.com,pwd123
Ben O'Reilly,ben.oreilly2263@testes.com,pwd123
Caterina Johnston,caterina.johnston2264@testes.com,pwd123
Newton Kerluke,newton.kerluke2265@testes.com,pwd123
Esteban Rodriguez,esteban.rodriguez2266@testes.com,pwd123
Alvis Kutch,alvis.kutch2267@testes.com,pwd123
Nathanial Runolfsson,nathanial.runolfsson2268@testes.com,pwd123
Moriah Hermann,moriah.hermann2269@testes.com,pwd123
Brooklyn Aufderhar,brooklyn.aufderhar2270@testes.com,pwd123
Bella Hills,bella.hills2271@testes.com,pwd123
Ebony Kris,ebony.kris2272@testes.com,pwd123
Emerald Cole,emerald.cole2273@testes.com,pwd123
Godfrey Bauch,godfrey.bauch2274@testes.com,pwd123
Emilio Corwin,emilio.corwin2275@testes.com,pwd123
Kenneth Schneider-Gislason,kenneth.schneider-gislason2276@testes.com,pwd123
Carl Hills,carl.hills2277@testes.com,pwd123
Jonathan Zemlak,jonathan.zemlak2278@testes.com,pwd123
Leah Schulist,leah.schulist2279@testes.com,pwd123
Esther Terry,esther.terry2280@testes.com,pwd123
Louis Skiles,louis.skiles2281@testes.com,pwd123
Dalton Pollich,dalton.pollich2282@testes.com,pwd123
Elody Ebert,elody.ebert2283@testes.com,pwd123
Molly Pacocha,molly.pacocha2284@testes.com,pwd123
Maybell Gusikowski,maybell.gusikowski2285@testes.com,pwd123
Bennett Conn-Kris,bennett.conn-kris2286@testes.com,pwd123
Kaleigh Cummings,kaleigh.cummings2287@testes.com,pwd123
Josefina Mosciski,josefina.mosciski2288@testes.com,pwd123
Bernard Corwin,bernard.corwin2289@testes.com,pwd123
Murray Lebsack,murray.lebsack2290@testes.com,pwd123
Ava Hayes,ava.hayes2291@testes.com,pwd123
Pearl Lebsack,pearl.lebsack2292@testes.com,pwd123
Sheldon Sporer,sheldon.sporer2293@testes.com,pwd123
Rick Mayert,rick.mayert2294@testes.com,pwd123
Gerald Feeney,gerald.feeney2295@testes.com,pwd123
Shad Reichel,shad.reichel2296@testes.com,pwd123
Kevin Crona,kevin.crona2297@testes.com,pwd123
Maybell Lowe,maybell.lowe2298@testes.com,pwd123
Erma Rempel,erma.rempel2299@testes.com,pwd123
Alverta Wunsch,alverta.wunsch2300@testes.com,pwd123
Essie Zboncak,essie.zboncak2301@testes.com,pwd123
Cassandre Bartell,cassandre.bartell2302@testes.com,pwd123
Dalton Strosin,dalton.strosin2303@testes.com,pwd123
Sim Rath,sim.rath2304@testes.com,pwd123
Jake Bruen-West,jake.bruen-west2305@testes.com,pwd123
Amaya Schultz,amaya.schultz2306@testes.com,pwd123
Libbie Daugherty,libbie.daugherty2307@testes.com,pwd123
Amalia Herzog,amalia.herzog2308@testes.com,pwd123
Demarco Rau,demarco.rau2309@testes.com,pwd123
Mavis Schuster,mavis.schuster2310@testes.com,pwd123
Christine McGlynn,christine.mcglynn2311@testes.com,pwd123
Camylle Wolff,camylle.wolff2312@testes.com,pwd123
Tami Jerde,tami.jerde2313@testes.com,pwd123
Karlee Durgan,karlee.durgan2314@testes.com,pwd123
Kathryn McKenzie,kathryn.mckenzie2315@testes.com,pwd123
Cordell Leuschke-Bergstrom,cordell.leuschke-bergstrom2316@testes.com,pwd123
Anne Paucek,anne.paucek2317@testes.com,pwd123
Doris Herman,doris.herman2318@testes.com,pwd123
Leland Daugherty,leland.daugherty2319@testes.com,pwd123
Beth Kemmer,beth.kemmer2320@testes.com,pwd123
Samantha Koch,samantha.koch2321@testes.com,pwd123
Ava Halvorson,ava.halvorson2322@testes.com,pwd123
Wm Kozey,wm.kozey2323@testes.com,pwd123
Benedict Jacobs,benedict.jacobs2324@testes.com,pwd123
Lawrence Langworth,lawrence.langworth2325@testes.com,pwd123
Mattie Mann-Bayer,mattie.mann-bayer2326@testes.com,pwd123
Juanita Ryan,juanita.ryan2327@testes.com,pwd123
Larry Roob,larry.roob2328@testes.com,pwd123
Erica Hessel,erica.hessel2329@testes.com,pwd123
Richard Schamberger,richard.schamberger2330@testes.com,pwd123
Sam Beier-Steuber,sam.beier-steuber2331@testes.com,pwd123
Baylee Jones,baylee.jones2332@testes.com,pwd123
Ona Swaniawski,ona.swaniawski2333@testes.com,pwd123
Darby Reynolds,darby.reynolds2334@testes.com,pwd123
Kraig Breitenberg,kraig.breitenberg2335@testes.com,pwd123
Andrew Brakus,andrew.brakus2336@testes.com,pwd123
Muriel Bartoletti,muriel.bartoletti2337@testes.com,pwd123
Bette Borer,bette.borer2338@testes.com,pwd123
Leon Gerlach,leon.gerlach2339@testes.com,pwd123
Jorge Mohr,jorge.mohr2340@testes.com,pwd123
Harvey Wisozk,harvey.wisozk2341@testes.com,pwd123
Alexys Durgan,alexys.durgan2342@testes.com,pwd123
Timmothy Glover,timmothy.glover2343@testes.com,pwd123
Kay Romaguera,kay.romaguera2344@testes.com,pwd123
Luis Kreiger,luis.kreiger2345@testes.com,pwd123
Alyssa Cremin,alyssa.cremin2346@testes.com,pwd123
Nova Koch,nova.koch2347@testes.com,pwd123
Alexandro Blanda,alexandro.blanda2348@testes.com,pwd123
Dale Gerlach,dale.gerlach2349@testes.com,pwd123
Tyrique Hegmann,tyrique.hegmann2350@testes.com,pwd123
Torrance Johnston,torrance.johnston2351@testes.com,pwd123
Jaleel Block,jaleel.block2352@testes.com,pwd123
Sonya Denesik,sonya.denesik2353@testes.com,pwd123
Lilyan Abshire,lilyan.abshire2354@testes.com,pwd123
Salvatore Durgan,salvatore.durgan2355@testes.com,pwd123
Thaddeus Parker,thaddeus.parker2356@testes.com,pwd123
Lindsey Stamm,lindsey.stamm2357@testes.com,pwd123
Marcus Swaniawski,marcus.swaniawski2358@testes.com,pwd123
Faith Hickle,faith.hickle2359@testes.com,pwd123
Jeanette Brakus,jeanette.brakus2360@testes.com,pwd123
Halie Schmitt,halie.schmitt2361@testes.com,pwd123
Kiley Lubowitz,kiley.lubowitz2362@testes.com,pwd123
Brenden Spencer,brenden.spencer2363@testes.com,pwd123
Karl Ward,karl.ward2364@testes.com,pwd123
Geraldine Abbott,geraldine.abbott2365@testes.com,pwd123
Tanya Metz,tanya.metz2366@testes.com,pwd123
Rylan Grimes,rylan.grimes2367@testes.com,pwd123
Giles Emard,giles.emard2368@testes.com,pwd123
Ahmed Stark,ahmed.stark2369@testes.com,pwd123
Irvin Corkery,irvin.corkery2370@testes.com,pwd123
Jonathon Daugherty,jonathon.daugherty2371@testes.com,pwd123
Danika Adams-Stoltenberg,danika.adams-stoltenberg2372@testes.com,pwd123
Domenic Rau,domenic.rau2373@testes.com,pwd123
Keira Purdy,keira.purdy2374@testes.com,pwd123
Glen Mann,glen.mann2375@testes.com,pwd123
Diamond Batz,diamond.batz2376@testes.com,pwd123
Albert Hoppe,albert.hoppe2377@testes.com,pwd123
Vergie Beer,vergie.beer2378@testes.com,pwd123
Bennie Deckow,bennie.deckow2379@testes.com,pwd123
Lea Quitzon,lea.quitzon2380@testes.com,pwd123
Oleta Heaney,oleta.heaney2381@testes.com,pwd123
Jim Glover,jim.glover2382@testes.com,pwd123
Cale Douglas,cale.douglas2383@testes.com,pwd123
Henrietta Johnston,henrietta.johnston2384@testes.com,pwd123
Shane Corwin,shane.corwin2385@testes.com,pwd123
Charlie Brown,charlie.brown2386@testes.com,pwd123
Dorothy McCullough,dorothy.mccullough2387@testes.com,pwd123
Reina Kling,reina.kling2388@testes.com,pwd123
Vicki Renner,vicki.renner2389@testes.com,pwd123
Eduardo Tillman,eduardo.tillman2390@testes.com,pwd123
Stella Hilpert,stella.hilpert2391@testes.com,pwd123
Roselyn Kling,roselyn.kling2392@testes.com,pwd123
Merl Gottlieb,merl.gottlieb2393@testes.com,pwd123
Darian Lubowitz,darian.lubowitz2394@testes.com,pwd123
Kamille Gerlach,kamille.gerlach2395@testes.com,pwd123
Terrell Littel-Hilll,terrell.littel-hilll2396@testes.com,pwd123
Homer Stoltenberg,homer.stoltenberg2397@testes.com,pwd123
Johnathan Windler,johnathan.windler2398@testes.com,pwd123
Brent Nader,brent.nader2399@testes.com,pwd123
Ubaldo Hilll,ubaldo.hilll2400@testes.com,pwd123
Amie O'Connell,amie.oconnell2401@testes.com,pwd123
Tami Streich,tami.streich2402@testes.com,pwd123
Jana Treutel,jana.treutel2403@testes.com,pwd123
Kristopher Emard,kristopher.emard2404@testes.com,pwd123
Selina Goodwin,selina.goodwin2405@testes.com,pwd123
Suzanne Reynolds,suzanne.reynolds2406@testes.com,pwd123
Dianne Wisozk,dianne.wisozk2407@testes.com,pwd123
Dora Cole,dora.cole2408@testes.com,pwd123
Niko Mante,niko.mante2409@testes.com,pwd123
Ebony Dicki,ebony.dicki2410@testes.com,pwd123
Albert Kemmer,albert.kemmer2411@testes.com,pwd123
Tonya Lemke-Weissnat,tonya.lemke-weissnat2412@testes.com,pwd123
Everett Johnson,everett.johnson2413@testes.com,pwd123
Doris Gleason,doris.gleason2414@testes.com,pwd123
Joanna Fadel,joanna.fadel2415@testes.com,pwd123
Toy Hilpert-Lockman,toy.hilpert-lockman2416@testes.com,pwd123
Jimmie Kassulke,jimmie.kassulke2417@testes.com,pwd123
Dameon Brown,dameon.brown2418@testes.com,pwd123
Antonette Hilpert,antonette.hilpert2419@testes.com,pwd123
Jan Torphy,jan.torphy2420@testes.com,pwd123
Jay Stracke-Nienow,jay.stracke-nienow2421@testes.com,pwd123
Astrid Hoppe,astrid.hoppe2422@testes.com,pwd123
Bart Emard,bart.emard2423@testes.com,pwd123
Tom Halvorson,tom.halvorson2424@testes.com,pwd123
Dayana Dach,dayana.dach2425@testes.com,pwd123
Kacie Donnelly,kacie.donnelly2426@testes.com,pwd123
Walker Hand,walker.hand2427@testes.com,pwd123
Clayton Runolfsdottir,clayton.runolfsdottir2428@testes.com,pwd123
Brett Cormier,brett.cormier2429@testes.com,pwd123
Clarissa Erdman,clarissa.erdman2430@testes.com,pwd123
Keanu Jacobs,keanu.jacobs2431@testes.com,pwd123
Buddy Christiansen,buddy.christiansen2432@testes.com,pwd123
Rose Parisian,rose.parisian2433@testes.com,pwd123
Alverta Rath,alverta.rath2434@testes.com,pwd123
Geraldine Durgan,geraldine.durgan2435@testes.com,pwd123
Joe Cassin,joe.cassin2436@testes.com,pwd123
Bernadette Towne-Romaguera,bernadette.towne-romaguera2437@testes.com,pwd123
Rolando Upton,rolando.upton2438@testes.com,pwd123
Flavie King,flavie.king2439@testes.com,pwd123
Elias Bergnaum,elias.bergnaum2440@testes.com,pwd123
Marty Treutel,marty.treutel2441@testes.com,pwd123
Evan Ankunding,evan.ankunding2442@testes.com,pwd123
Benny Gutkowski,benny.gutkowski2443@testes.com,pwd123
Marielle Schultz,marielle.schultz2444@testes.com,pwd123
Deshaun Hansen,deshaun.hansen2445@testes.com,pwd123
Deja Kulas,deja.kulas2446@testes.com,pwd123
Lindsay Paucek,lindsay.paucek2447@testes.com,pwd123
Isom Cummerata,isom.cummerata2448@testes.com,pwd123
Ryann Corwin,ryann.corwin2449@testes.com,pwd123
Melba Cole,melba.cole2450@testes.com,pwd123
Mathew Collins,mathew.collins2451@testes.com,pwd123
Carey Rowe,carey.rowe2452@testes.com,pwd123
Jammie Pollich,jammie.pollich2453@testes.com,pwd123
Florian Mills,florian.mills2454@testes.com,pwd123
Elfrieda Turner,elfrieda.turner2455@testes.com,pwd123
Simon Bechtelar,simon.bechtelar2456@testes.com,pwd123
Glenn Champlin,glenn.champlin2457@testes.com,pwd123
Adah Ebert,adah.ebert2458@testes.com,pwd123
Josefina Brown,josefina.brown2459@testes.com,pwd123
Corrine Barrows,corrine.barrows2460@testes.com,pwd123
Catherine Schuster,catherine.schuster2461@testes.com,pwd123
Drew Moen,drew.moen2462@testes.com,pwd123
Vanessa Wyman,vanessa.wyman2463@testes.com,pwd123
Bella Rice,bella.rice2464@testes.com,pwd123
Frederic Rosenbaum,frederic.rosenbaum2465@testes.com,pwd123
Darrion Sawayn,darrion.sawayn2466@testes.com,pwd123
Constance Haley,constance.haley2467@testes.com,pwd123
Hilda Koss,hilda.koss2468@testes.com,pwd123
Newell Harvey,newell.harvey2469@testes.com,pwd123
Rodrigo Cruickshank,rodrigo.cruickshank2470@testes.com,pwd123
Fannie Keeling,fannie.keeling2471@testes.com,pwd123
Percy Tromp,percy.tromp2472@testes.com,pwd123
Bobbie Mraz,bobbie.mraz2473@testes.com,pwd123
Ahmad Hane-Ullrich,ahmad.hane-ullrich2474@testes.com,pwd123
Broderick Berge,broderick.berge2475@testes.com,pwd123
Deangelo Rempel,deangelo.rempel2476@testes.com,pwd123
Warren King,warren.king2477@testes.com,pwd123
Blaze Reilly,blaze.reilly2478@testes.com,pwd123
Rene Will,rene.will2479@testes.com,pwd123
Rory Dicki,rory.dicki2480@testes.com,pwd123
Mamie Donnelly,mamie.donnelly2481@testes.com,pwd123
Kristine Wuckert,kristine.wuckert2482@testes.com,pwd123
Aliyah Swaniawski,aliyah.swaniawski2483@testes.com,pwd123
Chad Lubowitz-Hayes,chad.lubowitz-hayes2484@testes.com,pwd123
Perry Hyatt,perry.hyatt2485@testes.com,pwd123
Joanie Braun,joanie.braun2486@testes.com,pwd123
Louise Casper,louise.casper2487@testes.com,pwd123
Percy Doyle,percy.doyle2488@testes.com,pwd123
Lance Lakin,lance.lakin2489@testes.com,pwd123
Jevon Leannon,jevon.leannon2490@testes.com,pwd123
Karolann Murazik,karolann.murazik2491@testes.com,pwd123
Letha Heaney,letha.heaney2492@testes.com,pwd123
Rudolph Stroman,rudolph.stroman2493@testes.com,pwd123
Neil Schaefer,neil.schaefer2494@testes.com,pwd123
Ramon Green,ramon.green2495@testes.com,pwd123
Orlando Ferry,orlando.ferry2496@testes.com,pwd123
Rita Corwin,rita.corwin2497@testes.com,pwd123
Ezra Flatley,ezra.flatley2498@testes.com,pwd123
Rosalinda Emard,rosalinda.emard2499@testes.com,pwd123
James Volkman,james.volkman2500@testes.com,pwd123
Johathan Weimann,johathan.weimann2501@testes.com,pwd123
Mavis Schuster,mavis.schuster2502@testes.com,pwd123
Damon Beatty,damon.beatty2503@testes.com,pwd123
Hosea Robel,hosea.robel2504@testes.com,pwd123
Bernadette Kling,bernadette.kling2505@testes.com,pwd123
Colleen Moen,colleen.moen2506@testes.com,pwd123
Maye Dooley,maye.dooley2507@testes.com,pwd123
Garett Nikolaus,garett.nikolaus2508@testes.com,pwd123
Zelma Hamill-Little,zelma.hamill-little2509@testes.com,pwd123
Everardo Towne,everardo.towne2510@testes.com,pwd123
Audie Grady,audie.grady2511@testes.com,pwd123
Gerardo Simonis,gerardo.simonis2512@testes.com,pwd123
Marcelle Hegmann,marcelle.hegmann2513@testes.com,pwd123
Joshua Mante,joshua.mante2514@testes.com,pwd123
Nathan Kuvalis,nathan.kuvalis2515@testes.com,pwd123
Kayla Schuppe,kayla.schuppe2516@testes.com,pwd123
Nicole McLaughlin,nicole.mclaughlin2517@testes.com,pwd123
Jeanette Barrows,jeanette.barrows2518@testes.com,pwd123
Francesca Morar,francesca.morar2519@testes.com,pwd123
Patricia Ernser,patricia.ernser2520@testes.com,pwd123
Rickey Zieme,rickey.zieme2521@testes.com,pwd123
Carroll Bins,carroll.bins2522@testes.com,pwd123
Louis Barton,louis.barton2523@testes.com,pwd123
Mckenna Macejkovic,mckenna.macejkovic2524@testes.com,pwd123
Gordon Hauck,gordon.hauck2525@testes.com,pwd123
Megan Hane,megan.hane2526@testes.com,pwd123
Deborah Bernhard,deborah.bernhard2527@testes.com,pwd123
Norman Hermann,norman.hermann2528@testes.com,pwd123
Geneva Bahringer,geneva.bahringer2529@testes.com,pwd123
Charlene Wisoky,charlene.wisoky2530@testes.com,pwd123
Alexane Huels,alexane.huels2531@testes.com,pwd123
Theodore Terry,theodore.terry2532@testes.com,pwd123
Vivianne Harber,vivianne.harber2533@testes.com,pwd123
Zelma Hammes,zelma.hammes2534@testes.com,pwd123
Cheyanne Upton,cheyanne.upton2535@testes.com,pwd123
Eloisa Hammes,eloisa.hammes2536@testes.com,pwd123
Duane Zboncak,duane.zboncak2537@testes.com,pwd123
Sylvan Shields,sylvan.shields2538@testes.com,pwd123
Guy Rice,guy.rice2539@testes.com,pwd123
Guy O'Reilly,guy.oreilly2540@testes.com,pwd123
Madisyn Fisher,madisyn.fisher2541@testes.com,pwd123
Maia Hirthe,maia.hirthe2542@testes.com,pwd123
Eldred Schuster-Howell,eldred.schuster-howell2543@testes.com,pwd123
Josie Murphy,josie.murphy2544@testes.com,pwd123
Paulette Mueller,paulette.mueller2545@testes.com,pwd123
Dominick Toy,dominick.toy2546@testes.com,pwd123
Gisselle Wintheiser,gisselle.wintheiser2547@testes.com,pwd123
Herbert Renner,herbert.renner2548@testes.com,pwd123
Kenyon Metz,kenyon.metz2549@testes.com,pwd123
Frederick Lubowitz,frederick.lubowitz2550@testes.com,pwd123
Bobbie Beier,bobbie.beier2551@testes.com,pwd123
Lamar Boyer,lamar.boyer2552@testes.com,pwd123
Daisy Bergnaum,daisy.bergnaum2553@testes.com,pwd123
Tate Padberg,tate.padberg2554@testes.com,pwd123
Henry Sporer,henry.sporer2555@testes.com,pwd123
Joanna Nader,joanna.nader2556@testes.com,pwd123
Johathan Jast,johathan.jast2557@testes.com,pwd123
Jacky Raynor,jacky.raynor2558@testes.com,pwd123
Dasia Metz,dasia.metz2559@testes.com,pwd123
Angelica Hilpert-Dickens,angelica.hilpert-dickens2560@testes.com,pwd123
Mercedes Larkin,mercedes.larkin2561@testes.com,pwd123
Cristobal Marquardt,cristobal.marquardt2562@testes.com,pwd123
Brenna Carter,brenna.carter2563@testes.com,pwd123
Wilson Kilback-Cummings,wilson.kilback-cummings2564@testes.com,pwd123
Aaron White,aaron.white2565@testes.com,pwd123
Pauline Ullrich,pauline.ullrich2566@testes.com,pwd123
Lindsay Cummerata,lindsay.cummerata2567@testes.com,pwd123
Madeline Kautzer,madeline.kautzer2568@testes.com,pwd123
Leah Heaney,leah.heaney2569@testes.com,pwd123
Vicky Hessel,vicky.hessel2570@testes.com,pwd123
Isadore Ankunding,isadore.ankunding2571@testes.com,pwd123
Meda Witting,meda.witting2572@testes.com,pwd123
Wilbert Cassin,wilbert.cassin2573@testes.com,pwd123
Otis Little-Bayer,otis.little-bayer2574@testes.com,pwd123
Dillan Monahan-Witting,dillan.monahan-witting2575@testes.com,pwd123
Shaun Mann,shaun.mann2576@testes.com,pwd123
Elouise Donnelly,elouise.donnelly2577@testes.com,pwd123
Ola Nicolas,ola.nicolas2578@testes.com,pwd123
Enrique Keeling,enrique.keeling2579@testes.com,pwd123
Roosevelt Romaguera,roosevelt.romaguera2580@testes.com,pwd123
Billy Bernier,billy.bernier2581@testes.com,pwd123
Irving Turner,irving.turner2582@testes.com,pwd123
Josie Fay,josie.fay2583@testes.com,pwd123
Drew Streich,drew.streich2584@testes.com,pwd123
Jacynthe Littel,jacynthe.littel2585@testes.com,pwd123
Don Ruecker,don.ruecker2586@testes.com,pwd123
Ashleigh Yundt,ashleigh.yundt2587@testes.com,pwd123
Cheryl Maggio,cheryl.maggio2588@testes.com,pwd123
Annetta Kuhlman,annetta.kuhlman2589@testes.com,pwd123
Marianne Funk,marianne.funk2590@testes.com,pwd123
Oran Shanahan,oran.shanahan2591@testes.com,pwd123
Matilda Hettinger,matilda.hettinger2592@testes.com,pwd123
Randal Braun,randal.braun2593@testes.com,pwd123
Junior Abshire,junior.abshire2594@testes.com,pwd123
Maximillia Boyle,maximillia.boyle2595@testes.com,pwd123
Amelie Grady,amelie.grady2596@testes.com,pwd123
Corbin Smith,corbin.smith2597@testes.com,pwd123
Pamela Bayer,pamela.bayer2598@testes.com,pwd123
Moses Zemlak,moses.zemlak2599@testes.com,pwd123
Eriberto Schowalter,eriberto.schowalter2600@testes.com,pwd123
Cynthia Bayer,cynthia.bayer2601@testes.com,pwd123
Jacob Ratke,jacob.ratke2602@testes.com,pwd123
Camille Heller,camille.heller2603@testes.com,pwd123
Carmen Schaden,carmen.schaden2604@testes.com,pwd123
Louis Howell,louis.howell2605@testes.com,pwd123
Luz Rempel,luz.rempel2606@testes.com,pwd123
Gregg Schroeder-Douglas,gregg.schroeder-douglas2607@testes.com,pwd123
Althea Sporer,althea.sporer2608@testes.com,pwd123
Jill Goldner,jill.goldner2609@testes.com,pwd123
Marta Balistreri,marta.balistreri2610@testes.com,pwd123
Aleen Wilderman,aleen.wilderman2611@testes.com,pwd123
Erich Hyatt,erich.hyatt2612@testes.com,pwd123
Lora Schimmel,lora.schimmel2613@testes.com,pwd123
Garett Mueller,garett.mueller2614@testes.com,pwd123
Nils Douglas,nils.douglas2615@testes.com,pwd123
Abbey Reinger,abbey.reinger2616@testes.com,pwd123
Madge Conn,madge.conn2617@testes.com,pwd123
Alan Jast,alan.jast2618@testes.com,pwd123
General Fadel,general.fadel2619@testes.com,pwd123
Clemmie MacGyver,clemmie.macgyver2620@testes.com,pwd123
Janet Schuster,janet.schuster2621@testes.com,pwd123
Lilliana Parisian,lilliana.parisian2622@testes.com,pwd123
Sister Swift,sister.swift2623@testes.com,pwd123
Barry Lynch,barry.lynch2624@testes.com,pwd123
Eloise Sauer,eloise.sauer2625@testes.com,pwd123
Pedro Lesch-Carter,pedro.lesch-carter2626@testes.com,pwd123
Rick Cassin,rick.cassin2627@testes.com,pwd123
Amelia O'Keefe,amelia.okeefe2628@testes.com,pwd123
Hope Simonis,hope.simonis2629@testes.com,pwd123
Darla Erdman,darla.erdman2630@testes.com,pwd123
Mozelle Prosacco,mozelle.prosacco2631@testes.com,pwd123
Angie Rice,angie.rice2632@testes.com,pwd123
Alfonzo Greenholt,alfonzo.greenholt2633@testes.com,pwd123
Laron Treutel,laron.treutel2634@testes.com,pwd123
Lindsay Watsica,lindsay.watsica2635@testes.com,pwd123
Abner Cummings,abner.cummings2636@testes.com,pwd123
Betsy Schroeder,betsy.schroeder2637@testes.com,pwd123
Alexander Weissnat,alexander.weissnat2638@testes.com,pwd123
Otto Cummings,otto.cummings2639@testes.com,pwd123
Loretta Windler,loretta.windler2640@testes.com,pwd123
Charlotte Williamson,charlotte.williamson2641@testes.com,pwd123
Vicente Monahan,vicente.monahan2642@testes.com,pwd123
Joshuah Stanton-Larson,joshuah.stanton-larson2643@testes.com,pwd123
Doris Hodkiewicz,doris.hodkiewicz2644@testes.com,pwd123
Richmond Auer,richmond.auer2645@testes.com,pwd123
Santos Lemke,santos.lemke2646@testes.com,pwd123
Tracey Kuvalis,tracey.kuvalis2647@testes.com,pwd123
Conner Schimmel,conner.schimmel2648@testes.com,pwd123
Vickie Doyle,vickie.doyle2649@testes.com,pwd123
Keshaun Littel,keshaun.littel2650@testes.com,pwd123
Vivian Howe,vivian.howe2651@testes.com,pwd123
Jaclyn Yost,jaclyn.yost2652@testes.com,pwd123
Daryl Stiedemann,daryl.stiedemann2653@testes.com,pwd123
Mae Blanda,mae.blanda2654@testes.com,pwd123
Lisa Fritsch,lisa.fritsch2655@testes.com,pwd123
Peggy Wyman,peggy.wyman2656@testes.com,pwd123
Russell Huel,russell.huel2657@testes.com,pwd123
Calvin Kessler,calvin.kessler2658@testes.com,pwd123
Colten West,colten.west2659@testes.com,pwd123
Samantha Huels,samantha.huels2660@testes.com,pwd123
Alyssa Conroy,alyssa.conroy2661@testes.com,pwd123
Juanita Bednar,juanita.bednar2662@testes.com,pwd123
Audrey Kunde,audrey.kunde2663@testes.com,pwd123
Harmony Streich,harmony.streich2664@testes.com,pwd123
Samanta Jenkins,samanta.jenkins2665@testes.com,pwd123
Rodney Hane,rodney.hane2666@testes.com,pwd123
Russell Bernhard,russell.bernhard2667@testes.com,pwd123
Kelli McGlynn,kelli.mcglynn2668@testes.com,pwd123
Arnoldo Waelchi,arnoldo.waelchi2669@testes.com,pwd123
Angela Graham,angela.graham2670@testes.com,pwd123
Myles Lakin,myles.lakin2671@testes.com,pwd123
Arnoldo Frami-Rice,arnoldo.frami-rice2672@testes.com,pwd123
Zelda Braun,zelda.braun2673@testes.com,pwd123
Dorris Cole,dorris.cole2674@testes.com,pwd123
Carrie Schinner,carrie.schinner2675@testes.com,pwd123
Sheldon Dooley,sheldon.dooley2676@testes.com,pwd123
Kristin Schmitt,kristin.schmitt2677@testes.com,pwd123
Matthew Hegmann,matthew.hegmann2678@testes.com,pwd123
Jennyfer Runte,jennyfer.runte2679@testes.com,pwd123
Verla Stoltenberg,verla.stoltenberg2680@testes.com,pwd123
Shaun Cartwright,shaun.cartwright2681@testes.com,pwd123
Charlotte Witting,charlotte.witting2682@testes.com,pwd123
Terrell West,terrell.west2683@testes.com,pwd123
Ian Gottlieb,ian.gottlieb2684@testes.com,pwd123
Joannie Kulas,joannie.kulas2685@testes.com,pwd123
Wesley Fahey,wesley.fahey2686@testes.com,pwd123
Doyle Abshire,doyle.abshire2687@testes.com,pwd123
Clemmie McCullough,clemmie.mccullough2688@testes.com,pwd123
Matt Lesch,matt.lesch2689@testes.com,pwd123
Sharon Paucek,sharon.paucek2690@testes.com,pwd123
Elsa McKenzie,elsa.mckenzie2691@testes.com,pwd123
Gwen Botsford,gwen.botsford2692@testes.com,pwd123
Reese Kutch,reese.kutch2693@testes.com,pwd123
Rosie Shields,rosie.shields2694@testes.com,pwd123
Norman Pacocha,norman.pacocha2695@testes.com,pwd123
Willy Corwin,willy.corwin2696@testes.com,pwd123
Ruth Buckridge,ruth.buckridge2697@testes.com,pwd123
Brannon Kulas-Aufderhar,brannon.kulas-aufderhar2698@testes.com,pwd123
Fae Stroman,fae.stroman2699@testes.com,pwd123
Murl Skiles,murl.skiles2700@testes.com,pwd123
Elody Haley,elody.haley2701@testes.com,pwd123
Brendan Braun,brendan.braun2702@testes.com,pwd123
Ignacio Franey,ignacio.franey2703@testes.com,pwd123
Kristofer Barton,kristofer.barton2704@testes.com,pwd123
Kyler Doyle,kyler.doyle2705@testes.com,pwd123
Greyson Altenwerth,greyson.altenwerth2706@testes.com,pwd123
Sim Rutherford,sim.rutherford2707@testes.com,pwd123
Nicole McLaughlin,nicole.mclaughlin2708@testes.com,pwd123
Misty Harvey-Price,misty.harvey-price2709@testes.com,pwd123
Tricia Baumbach,tricia.baumbach2710@testes.com,pwd123
Kenya Marquardt,kenya.marquardt2711@testes.com,pwd123
Allen Schroeder,allen.schroeder2712@testes.com,pwd123
Pierce Quitzon,pierce.quitzon2713@testes.com,pwd123
Schuyler Emmerich,schuyler.emmerich2714@testes.com,pwd123
Shyann Wiegand,shyann.wiegand2715@testes.com,pwd123
Sally Botsford,sally.botsford2716@testes.com,pwd123
Nelson Waters,nelson.waters2717@testes.com,pwd123
Hilda Haag,hilda.haag2718@testes.com,pwd123
Josephine Jacobson-Ernser,josephine.jacobson-ernser2719@testes.com,pwd123
Shawna Dicki,shawna.dicki2720@testes.com,pwd123
Brionna Howell-Johns,brionna.howell-johns2721@testes.com,pwd123
Coty Goldner,coty.goldner2722@testes.com,pwd123
Saul Hauck,saul.hauck2723@testes.com,pwd123
Alexzander Satterfield,alexzander.satterfield2724@testes.com,pwd123
Perry Von,perry.von2725@testes.com,pwd123
Eddie Streich,eddie.streich2726@testes.com,pwd123
Teagan Beatty,teagan.beatty2727@testes.com,pwd123
Patricia Daniel,patricia.daniel2728@testes.com,pwd123
Jeannie White,jeannie.white2729@testes.com,pwd123
Avis Ortiz,avis.ortiz2730@testes.com,pwd123
Meda White,meda.white2731@testes.com,pwd123
Gwendolyn Rodriguez,gwendolyn.rodriguez2732@testes.com,pwd123
Nathaniel Bergnaum,nathaniel.bergnaum2733@testes.com,pwd123
Nicholas Emard,nicholas.emard2734@testes.com,pwd123
Reese Lynch,reese.lynch2735@testes.com,pwd123
Glen Nicolas,glen.nicolas2736@testes.com,pwd123
Ariel Streich,ariel.streich2737@testes.com,pwd123
Darnell Turcotte,darnell.turcotte2738@testes.com,pwd123
Bria Bergnaum,bria.bergnaum2739@testes.com,pwd123
Earnest Feest,earnest.feest2740@testes.com,pwd123
Wesley Bergstrom,wesley.bergstrom2741@testes.com,pwd123
Mallie Mann,mallie.mann2742@testes.com,pwd123
Marlene Wisoky,marlene.wisoky2743@testes.com,pwd123
Haylee Hodkiewicz,haylee.hodkiewicz2744@testes.com,pwd123
Janie Crona,janie.crona2745@testes.com,pwd123
Jeffrey Steuber,jeffrey.steuber2746@testes.com,pwd123
Sheila Mueller,sheila.mueller2747@testes.com,pwd123
Ayana Goyette,ayana.goyette2748@testes.com,pwd123
Kendra Funk,kendra.funk2749@testes.com,pwd123
Clarence Schinner-Turner,clarence.schinner-turner2750@testes.com,pwd123
Bradley Morar,bradley.morar2751@testes.com,pwd123
Marjorie Effertz,marjorie.effertz2752@testes.com,pwd123
Mariela Little,mariela.little2753@testes.com,pwd123
Tyrel Hansen,tyrel.hansen2754@testes.com,pwd123
Dannie Gulgowski,dannie.gulgowski2755@testes.com,pwd123
Nina Little,nina.little2756@testes.com,pwd123
Maryjane Wintheiser,maryjane.wintheiser2757@testes.com,pwd123
Natalie Quigley,natalie.quigley2758@testes.com,pwd123
Loraine Erdman,loraine.erdman2759@testes.com,pwd123
Matthew Farrell,matthew.farrell2760@testes.com,pwd123
Minnie Lind,minnie.lind2761@testes.com,pwd123
Jean McLaughlin,jean.mclaughlin2762@testes.com,pwd123
John Ernser,john.ernser2763@testes.com,pwd123
Jeannette Leffler,jeannette.leffler2764@testes.com,pwd123
Muriel Goldner,muriel.goldner2765@testes.com,pwd123
Cicero Jerde,cicero.jerde2766@testes.com,pwd123
Dwayne Stark,dwayne.stark2767@testes.com,pwd123
Brady Blick,brady.blick2768@testes.com,pwd123
Mitchell Lang,mitchell.lang2769@testes.com,pwd123
Wm Strosin-Torp,wm.strosin-torp2770@testes.com,pwd123
Alford McGlynn,alford.mcglynn2771@testes.com,pwd123
Bennie Powlowski,bennie.powlowski2772@testes.com,pwd123
Burley Zboncak,burley.zboncak2773@testes.com,pwd123
Juanita Wehner,juanita.wehner2774@testes.com,pwd123
Jeromy Heaney,jeromy.heaney2775@testes.com,pwd123
Leigh Lemke,leigh.lemke2776@testes.com,pwd123
Raheem Armstrong,raheem.armstrong2777@testes.com,pwd123
Lynn Schoen,lynn.schoen2778@testes.com,pwd123
Emely Wilkinson,emely.wilkinson2779@testes.com,pwd123
Kirsten Gottlieb,kirsten.gottlieb2780@testes.com,pwd123
Rhianna Jast,rhianna.jast2781@testes.com,pwd123
Fermin Bahringer,fermin.bahringer2782@testes.com,pwd123
Drew White,drew.white2783@testes.com,pwd123
Abel Emmerich,abel.emmerich2784@testes.com,pwd123
Clint Roob,clint.roob2785@testes.com,pwd123
Vivian Kassulke,vivian.kassulke2786@testes.com,pwd123
Katherine Aufderhar,katherine.aufderhar2787@testes.com,pwd123
Sandra Feeney,sandra.feeney2788@testes.com,pwd123
Yvette Witting,yvette.witting2789@testes.com,pwd123
Alfonso Dooley,alfonso.dooley2790@testes.com,pwd123
Elyssa Mann,elyssa.mann2791@testes.com,pwd123
Geneva Dickinson,geneva.dickinson2792@testes.com,pwd123
Teresa Cremin,teresa.cremin2793@testes.com,pwd123
Shelia Rodriguez,shelia.rodriguez2794@testes.com,pwd123
Ryan Gutmann,ryan.gutmann2795@testes.com,pwd123
Louise Hills,louise.hills2796@testes.com,pwd123
Virgie Kling,virgie.kling2797@testes.com,pwd123
Clinton D'Amore,clinton.damore2798@testes.com,pwd123
Helen Heller,helen.heller2799@testes.com,pwd123
Jane Runolfsson,jane.runolfsson2800@testes.com,pwd123
Patty Larkin,patty.larkin2801@testes.com,pwd123
Vicente Kuhn,vicente.kuhn2802@testes.com,pwd123
Caden Torp,caden.torp2803@testes.com,pwd123
Joey Anderson,joey.anderson2804@testes.com,pwd123
Cody Ebert,cody.ebert2805@testes.com,pwd123
Vena Reichert,vena.reichert2806@testes.com,pwd123
Hope Ritchie,hope.ritchie2807@testes.com,pwd123
Buck Goodwin,buck.goodwin2808@testes.com,pwd123
Carroll Wehner,carroll.wehner2809@testes.com,pwd123
Felicity Considine,felicity.considine2810@testes.com,pwd123
Eleanore Terry,eleanore.terry2811@testes.com,pwd123
Ervin Schaden,ervin.schaden2812@testes.com,pwd123
Angelica Ernser,angelica.ernser2813@testes.com,pwd123
Lillian Baumbach,lillian.baumbach2814@testes.com,pwd123
Scarlett Ondricka,scarlett.ondricka2815@testes.com,pwd123
Jamir Sipes,jamir.sipes2816@testes.com,pwd123
Alma Schamberger,alma.schamberger2817@testes.com,pwd123
Violet Huel,violet.huel2818@testes.com,pwd123
Ramon Kassulke,ramon.kassulke2819@testes.com,pwd123
Mustafa O'Hara,mustafa.ohara2820@testes.com,pwd123
Saige Donnelly,saige.donnelly2821@testes.com,pwd123
Andre Bahringer,andre.bahringer2822@testes.com,pwd123
Candido Wehner,candido.wehner2823@testes.com,pwd123
Annette Crooks,annette.crooks2824@testes.com,pwd123
Glen Lynch-Nolan,glen.lynch-nolan2825@testes.com,pwd123
Cynthia Kassulke,cynthia.kassulke2826@testes.com,pwd123
Earnest Schroeder,earnest.schroeder2827@testes.com,pwd123
Leona Greenfelder-Keebler,leona.greenfelder-keebler2828@testes.com,pwd123
Daphney Kerluke,daphney.kerluke2829@testes.com,pwd123
Devyn Wyman,devyn.wyman2830@testes.com,pwd123
Alisha Fritsch,alisha.fritsch2831@testes.com,pwd123
Marcellus Bernhard,marcellus.bernhard2832@testes.com,pwd123
Ezequiel Gutkowski,ezequiel.gutkowski2833@testes.com,pwd123
Judy Lueilwitz,judy.lueilwitz2834@testes.com,pwd123
Anahi Moen,anahi.moen2835@testes.com,pwd123
Tami Mayer,tami.mayer2836@testes.com,pwd123
Jenna Hayes,jenna.hayes2837@testes.com,pwd123
David King,david.king2838@testes.com,pwd123
Phil Cronin,phil.cronin2839@testes.com,pwd123
Shanny Borer,shanny.borer2840@testes.com,pwd123
Nelson Huels,nelson.huels2841@testes.com,pwd123
Roberta Klocko,roberta.klocko2842@testes.com,pwd123
Lincoln Mills,lincoln.mills2843@testes.com,pwd123
Cristina Bechtelar,cristina.bechtelar2844@testes.com,pwd123
Kenyatta Greenholt,kenyatta.greenholt2845@testes.com,pwd123
Frank Konopelski,frank.konopelski2846@testes.com,pwd123
Faye Spinka,faye.spinka2847@testes.com,pwd123
Eldred Littel,eldred.littel2848@testes.com,pwd123
Naomie Gorczany-Botsford,naomie.gorczany-botsford2849@testes.com,pwd123
Vivian Dicki,vivian.dicki2850@testes.com,pwd123
Dedrick Wiza,dedrick.wiza2851@testes.com,pwd123
Ruben Waelchi,ruben.waelchi2852@testes.com,pwd123
Santos Marks,santos.marks2853@testes.com,pwd123
Eloy Reichel,eloy.reichel2854@testes.com,pwd123
Elnora Halvorson,elnora.halvorson2855@testes.com,pwd123
Martin Sanford,martin.sanford2856@testes.com,pwd123
Alberto Muller,alberto.muller2857@testes.com,pwd123
Tom Boyer,tom.boyer2858@testes.com,pwd123
Ashly Weber,ashly.weber2859@testes.com,pwd123
Jenny Metz,jenny.metz2860@testes.com,pwd123
Eva Oberbrunner,eva.oberbrunner2861@testes.com,pwd123
Adrianna Haag,adrianna.haag2862@testes.com,pwd123
Edgardo Windler,edgardo.windler2863@testes.com,pwd123
Adrian Buckridge,adrian.buckridge2864@testes.com,pwd123
Zelda Yost,zelda.yost2865@testes.com,pwd123
Santos D'Amore,santos.damore2866@testes.com,pwd123
Ramiro D'Amore,ramiro.damore2867@testes.com,pwd123
Ole Ebert,ole.ebert2868@testes.com,pwd123
Emilio Dietrich,emilio.dietrich2869@testes.com,pwd123
George Heller,george.heller2870@testes.com,pwd123
Frederique McKenzie,frederique.mckenzie2871@testes.com,pwd123
Mia Kassulke,mia.kassulke2872@testes.com,pwd123
Jason Krajcik,jason.krajcik2873@testes.com,pwd123
Jasmine Schultz,jasmine.schultz2874@testes.com,pwd123
Paulette Raynor,paulette.raynor2875@testes.com,pwd123
Nina Reynolds,nina.reynolds2876@testes.com,pwd123
Omer Witting,omer.witting2877@testes.com,pwd123
Debbie O'Conner,debbie.oconner2878@testes.com,pwd123
Vince Gorczany,vince.gorczany2879@testes.com,pwd123
Jedediah Murazik,jedediah.murazik2880@testes.com,pwd123
Kellie Jast,kellie.jast2881@testes.com,pwd123
Renee Kreiger,renee.kreiger2882@testes.com,pwd123
Ines Bauch,ines.bauch2883@testes.com,pwd123
Hulda Padberg,hulda.padberg2884@testes.com,pwd123
Lorenz Powlowski,lorenz.powlowski2885@testes.com,pwd123
Jeanne Grimes,jeanne.grimes2886@testes.com,pwd123
Keith Kunde,keith.kunde2887@testes.com,pwd123
Joyce Morar,joyce.morar2888@testes.com,pwd123
Tavares Reilly,tavares.reilly2889@testes.com,pwd123
Monica Gulgowski,monica.gulgowski2890@testes.com,pwd123
Jo Cruickshank,jo.cruickshank2891@testes.com,pwd123
Amy Hackett,amy.hackett2892@testes.com,pwd123
Rosa Zulauf,rosa.zulauf2893@testes.com,pwd123
Bobby Reinger,bobby.reinger2894@testes.com,pwd123
Georgianna Mayer,georgianna.mayer2895@testes.com,pwd123
Sylvan Walsh,sylvan.walsh2896@testes.com,pwd123
Irma Collins,irma.collins2897@testes.com,pwd123
Luigi Waelchi,luigi.waelchi2898@testes.com,pwd123
Catharine Terry,catharine.terry2899@testes.com,pwd123
Edmund Harber,edmund.harber2900@testes.com,pwd123
Shirley Witting-Price,shirley.witting-price2901@testes.com,pwd123
Ramiro Jacobson,ramiro.jacobson2902@testes.com,pwd123
Kaitlyn Ruecker,kaitlyn.ruecker2903@testes.com,pwd123
Terri Blanda,terri.blanda2904@testes.com,pwd123
Angela Hintz,angela.hintz2905@testes.com,pwd123
Brett Johnston-Kuphal,brett.johnston-kuphal2906@testes.com,pwd123
Odessa Kirlin,odessa.kirlin2907@testes.com,pwd123
Sallie Schowalter,sallie.schowalter2908@testes.com,pwd123
Llewellyn Dach,llewellyn.dach2909@testes.com,pwd123
Wilbur Marks,wilbur.marks2910@testes.com,pwd123
Lazaro Spinka,lazaro.spinka2911@testes.com,pwd123
Toney Kihn,toney.kihn2912@testes.com,pwd123
Murray Lang,murray.lang2913@testes.com,pwd123
Peggie Hoppe,peggie.hoppe2914@testes.com,pwd123
Dameon Tillman,dameon.tillman2915@testes.com,pwd123
Glennie Gottlieb,glennie.gottlieb2916@testes.com,pwd123
Lina Padberg,lina.padberg2917@testes.com,pwd123
Gunnar Conn,gunnar.conn2918@testes.com,pwd123
Ona Wintheiser,ona.wintheiser2919@testes.com,pwd123
Dennis Koelpin,dennis.koelpin2920@testes.com,pwd123
Lorenz Corwin,lorenz.corwin2921@testes.com,pwd123
Robyn Murray,robyn.murray2922@testes.com,pwd123
Florian Gottlieb,florian.gottlieb2923@testes.com,pwd123
Lisette Graham,lisette.graham2924@testes.com,pwd123
Eloise Waters,eloise.waters2925@testes.com,pwd123
Emmett Hirthe,emmett.hirthe2926@testes.com,pwd123
Maryjane Erdman,maryjane.erdman2927@testes.com,pwd123
Sheila Ratke,sheila.ratke2928@testes.com,pwd123
Gwendolyn Bins,gwendolyn.bins2929@testes.com,pwd123
Russ Macejkovic,russ.macejkovic2930@testes.com,pwd123
Kailyn Hyatt,kailyn.hyatt2931@testes.com,pwd123
Guy Gulgowski,guy.gulgowski2932@testes.com,pwd123
Carolyn Wunsch,carolyn.wunsch2933@testes.com,pwd123
Herman Schoen-Adams,herman.schoen-adams2934@testes.com,pwd123
Alex Thiel,alex.thiel2935@testes.com,pwd123
Stella Bradtke,stella.bradtke2936@testes.com,pwd123
Jennie Rolfson,jennie.rolfson2937@testes.com,pwd123
Cleta Schneider,cleta.schneider2938@testes.com,pwd123
Bettie Carroll,bettie.carroll2939@testes.com,pwd123
Courtney Wisozk,courtney.wisozk2940@testes.com,pwd123
Guillermo Ferry,guillermo.ferry2941@testes.com,pwd123
Daisy Bernhard,daisy.bernhard2942@testes.com,pwd123
Owen Kihn,owen.kihn2943@testes.com,pwd123
Maryam Durgan,maryam.durgan2944@testes.com,pwd123
Karlie Leannon,karlie.leannon2945@testes.com,pwd123
Maia Lindgren,maia.lindgren2946@testes.com,pwd123
Tyrone Gerhold,tyrone.gerhold2947@testes.com,pwd123
Deborah Macejkovic,deborah.macejkovic2948@testes.com,pwd123
Faith Marks,faith.marks2949@testes.com,pwd123
Marsha Kuhic,marsha.kuhic2950@testes.com,pwd123
Zelda Jerde,zelda.jerde2951@testes.com,pwd123
Bernard Bernhard,bernard.bernhard2952@testes.com,pwd123
Keenan Kihn,keenan.kihn2953@testes.com,pwd123
Berta Dickens,berta.dickens2954@testes.com,pwd123
Delbert Waelchi,delbert.waelchi2955@testes.com,pwd123
Dameon Nolan,dameon.nolan2956@testes.com,pwd123
Betsy Boyle,betsy.boyle2957@testes.com,pwd123
Eleanor Schamberger,eleanor.schamberger2958@testes.com,pwd123
Leonie Hodkiewicz,leonie.hodkiewicz2959@testes.com,pwd123
Jenna Prohaska,jenna.prohaska2960@testes.com,pwd123
Hazel Wehner,hazel.wehner2961@testes.com,pwd123
Rafaela Gerhold,rafaela.gerhold2962@testes.com,pwd123
Llewellyn Koss,llewellyn.koss2963@testes.com,pwd123
Gwendolyn Borer,gwendolyn.borer2964@testes.com,pwd123
Diana Champlin,diana.champlin2965@testes.com,pwd123
Rebecca Veum,rebecca.veum2966@testes.com,pwd123
Benjamin Wolff,benjamin.wolff2967@testes.com,pwd123
Ernestine Kunze,ernestine.kunze2968@testes.com,pwd123
Bernice Senger,bernice.senger2969@testes.com,pwd123
Bruce Howe,bruce.howe2970@testes.com,pwd123
Marguerite Halvorson,marguerite.halvorson2971@testes.com,pwd123
Daniel Lubowitz,daniel.lubowitz2972@testes.com,pwd123
Rochelle Friesen,rochelle.friesen2973@testes.com,pwd123
Katrina Orn,katrina.orn2974@testes.com,pwd123
Alexys Leffler,alexys.leffler2975@testes.com,pwd123
Nellie Bartell,nellie.bartell2976@testes.com,pwd123
Coleman Goldner,coleman.goldner2977@testes.com,pwd123
Jeremie Grimes,jeremie.grimes2978@testes.com,pwd123
Oscar Ebert,oscar.ebert2979@testes.com,pwd123
Terrence Schaden,terrence.schaden2980@testes.com,pwd123
Nettie Rodriguez,nettie.rodriguez2981@testes.com,pwd123
Milton Baumbach,milton.baumbach2982@testes.com,pwd123
Hershel DuBuque-Howe,hershel.dubuque-howe2983@testes.com,pwd123
Norene Corwin,norene.corwin2984@testes.com,pwd123
Selena Mann,selena.mann2985@testes.com,pwd123
William Rempel,william.rempel2986@testes.com,pwd123
Juanita Mills,juanita.mills2987@testes.com,pwd123
Lamar Hessel,lamar.hessel2988@testes.com,pwd123
Reed Boyer,reed.boyer2989@testes.com,pwd123
Amos Gleichner,amos.gleichner2990@testes.com,pwd123
Candice Towne,candice.towne2991@testes.com,pwd123
Lucas Mraz,lucas.mraz2992@testes.com,pwd123
Joshua Konopelski,joshua.konopelski2993@testes.com,pwd123
Ignacio DuBuque,ignacio.dubuque2994@testes.com,pwd123
Wendy Ferry,wendy.ferry2995@testes.com,pwd123
Annamae Gottlieb,annamae.gottlieb2996@testes.com,pwd123
Coleman Nolan,coleman.nolan2997@testes.com,pwd123
Zoila Bogan,zoila.bogan2998@testes.com,pwd123
Sandy Mohr,sandy.mohr2999@testes.com,pwd123
Malcolm Maggio,malcolm.maggio3000@testes.com,pwd123
Wilson Hansen-Predovic,wilson.hansen-predovic3001@testes.com,pwd123
Okey Aufderhar,okey.aufderhar3002@testes.com,pwd123
Consuelo Murazik,consuelo.murazik3003@testes.com,pwd123
Oscar Ziemann,oscar.ziemann3004@testes.com,pwd123
Sister Hyatt,sister.hyatt3005@testes.com,pwd123
Lillian Orn,lillian.orn3006@testes.com,pwd123
Emory Bechtelar,emory.bechtelar3007@testes.com,pwd123
Alden Lueilwitz,alden.lueilwitz3008@testes.com,pwd123
Julian Krajcik,julian.krajcik3009@testes.com,pwd123
Sherri Wolff,sherri.wolff3010@testes.com,pwd123
Sandra Kunde,sandra.kunde3011@testes.com,pwd123
Mable Fay,mable.fay3012@testes.com,pwd123
River Hilpert,river.hilpert3013@testes.com,pwd123
Lola Ferry,lola.ferry3014@testes.com,pwd123
Nick Ondricka,nick.ondricka3015@testes.com,pwd123
Darrell Kilback,darrell.kilback3016@testes.com,pwd123
Ryleigh Doyle,ryleigh.doyle3017@testes.com,pwd123
Heidi Rowe,heidi.rowe3018@testes.com,pwd123
Helena Stokes,helena.stokes3019@testes.com,pwd123
Ruby Von,ruby.von3020@testes.com,pwd123
Joesph Beer,joesph.beer3021@testes.com,pwd123
Clayton Satterfield,clayton.satterfield3022@testes.com,pwd123
Kamryn Kris,kamryn.kris3023@testes.com,pwd123
Marian Pollich,marian.pollich3024@testes.com,pwd123
Lessie Corwin,lessie.corwin3025@testes.com,pwd123
Sister Fritsch,sister.fritsch3026@testes.com,pwd123
Mildred Vandervort,mildred.vandervort3027@testes.com,pwd123
Esta Wehner,esta.wehner3028@testes.com,pwd123
Rufus Kris,rufus.kris3029@testes.com,pwd123
Lindsey Miller,lindsey.miller3030@testes.com,pwd123
Lynne Roob,lynne.roob3031@testes.com,pwd123
Cindy Hilll,cindy.hilll3032@testes.com,pwd123
Ronny Schulist,ronny.schulist3033@testes.com,pwd123
Hiram Lakin,hiram.lakin3034@testes.com,pwd123
Ethel Sanford-Kuhlman,ethel.sanford-kuhlman3035@testes.com,pwd123
Julie Ankunding,julie.ankunding3036@testes.com,pwd123
Joanna Pacocha,joanna.pacocha3037@testes.com,pwd123
Mario Fahey,mario.fahey3038@testes.com,pwd123
Allison Trantow,allison.trantow3039@testes.com,pwd123
Zita Fritsch,zita.fritsch3040@testes.com,pwd123
Lilyan Gleason,lilyan.gleason3041@testes.com,pwd123
Robyn Pacocha,robyn.pacocha3042@testes.com,pwd123
Phil Abernathy,phil.abernathy3043@testes.com,pwd123
Kelvin Weissnat,kelvin.weissnat3044@testes.com,pwd123
Sonja Mayer-Hintz,sonja.mayer-hintz3045@testes.com,pwd123
Billy Heidenreich-Hegmann,billy.heidenreich-hegmann3046@testes.com,pwd123
Levi Collins,levi.collins3047@testes.com,pwd123
Felipe Ortiz,felipe.ortiz3048@testes.com,pwd123
Rachael Feil,rachael.feil3049@testes.com,pwd123
Kristy Harris,kristy.harris3050@testes.com,pwd123
Dwight Prosacco,dwight.prosacco3051@testes.com,pwd123
Laurie Blanda,laurie.blanda3052@testes.com,pwd123
Wilbert Reichert,wilbert.reichert3053@testes.com,pwd123
Stella Harris,stella.harris3054@testes.com,pwd123
Drew Weimann,drew.weimann3055@testes.com,pwd123
Vida Deckow,vida.deckow3056@testes.com,pwd123
Ivan Howell,ivan.howell3057@testes.com,pwd123
Mary Zboncak,mary.zboncak3058@testes.com,pwd123
Andreanne Pouros,andreanne.pouros3059@testes.com,pwd123
Kristen Connelly,kristen.connelly3060@testes.com,pwd123
Christine Walter,christine.walter3061@testes.com,pwd123
Constantin Rohan,constantin.rohan3062@testes.com,pwd123
Arvilla Gerlach,arvilla.gerlach3063@testes.com,pwd123
Daphney Yost,daphney.yost3064@testes.com,pwd123
Roxanne Padberg,roxanne.padberg3065@testes.com,pwd123
Rachael Kunde,rachael.kunde3066@testes.com,pwd123
Lew Swift,lew.swift3067@testes.com,pwd123
Brisa Kreiger,brisa.kreiger3068@testes.com,pwd123
Kenyon Friesen,kenyon.friesen3069@testes.com,pwd123
Brenna Johns,brenna.johns3070@testes.com,pwd123
Vada Fay,vada.fay3071@testes.com,pwd123
Kaela Spinka,kaela.spinka3072@testes.com,pwd123
Leland Mitchell,leland.mitchell3073@testes.com,pwd123
Ulises Kiehn,ulises.kiehn3074@testes.com,pwd123
Jake Dickinson,jake.dickinson3075@testes.com,pwd123
Jenna Brekke,jenna.brekke3076@testes.com,pwd123
Derek Klocko,derek.klocko3077@testes.com,pwd123
Jakob Bergstrom,jakob.bergstrom3078@testes.com,pwd123
Annie Cassin,annie.cassin3079@testes.com,pwd123
Carla Green,carla.green3080@testes.com,pwd123
Ron Hirthe,ron.hirthe3081@testes.com,pwd123
Tom White,tom.white3082@testes.com,pwd123
Patrick Thiel,patrick.thiel3083@testes.com,pwd123
Gina Pacocha,gina.pacocha3084@testes.com,pwd123
Marcella Miller,marcella.miller3085@testes.com,pwd123
Jeffery Lang,jeffery.lang3086@testes.com,pwd123
Lindsey Osinski,lindsey.osinski3087@testes.com,pwd123
Frank Fritsch,frank.fritsch3088@testes.com,pwd123
Cortez Senger,cortez.senger3089@testes.com,pwd123
Charlotte Paucek,charlotte.paucek3090@testes.com,pwd123
Jeff Witting,jeff.witting3091@testes.com,pwd123
Bennie Fritsch,bennie.fritsch3092@testes.com,pwd123
Josefina Beatty-Trantow,josefina.beatty-trantow3093@testes.com,pwd123
Randi Conroy,randi.conroy3094@testes.com,pwd123
Kristine Pagac,kristine.pagac3095@testes.com,pwd123
George Rolfson,george.rolfson3096@testes.com,pwd123
Warren Shanahan,warren.shanahan3097@testes.com,pwd123
Harry Bayer,harry.bayer3098@testes.com,pwd123
Maribel Schuster,maribel.schuster3099@testes.com,pwd123
Claudia Ferry,claudia.ferry3100@testes.com,pwd123
Jenna Gerhold,jenna.gerhold3101@testes.com,pwd123
Cydney Hane,cydney.hane3102@testes.com,pwd123
Rozella Collins,rozella.collins3103@testes.com,pwd123
Ruthie Strosin,ruthie.strosin3104@testes.com,pwd123
Ada Simonis,ada.simonis3105@testes.com,pwd123
Lucia Stroman,lucia.stroman3106@testes.com,pwd123
Finn Armstrong,finn.armstrong3107@testes.com,pwd123
Jake Lehner,jake.lehner3108@testes.com,pwd123
Archibald Pagac,archibald.pagac3109@testes.com,pwd123
Thelma Kuphal,thelma.kuphal3110@testes.com,pwd123
Ottis Carroll,ottis.carroll3111@testes.com,pwd123
Andy Cole,andy.cole3112@testes.com,pwd123
Taylor Hayes,taylor.hayes3113@testes.com,pwd123
Alvin Legros,alvin.legros3114@testes.com,pwd123
Nora Fadel,nora.fadel3115@testes.com,pwd123
Waylon Mraz,waylon.mraz3116@testes.com,pwd123
Rory Schmitt,rory.schmitt3117@testes.com,pwd123
Hillary DuBuque,hillary.dubuque3118@testes.com,pwd123
Jerald Trantow,jerald.trantow3119@testes.com,pwd123
Myah Lindgren,myah.lindgren3120@testes.com,pwd123
Chris Mann,chris.mann3121@testes.com,pwd123
Dulce Blanda,dulce.blanda3122@testes.com,pwd123
Bud Steuber-Veum,bud.steuber-veum3123@testes.com,pwd123
Olivia Ritchie,olivia.ritchie3124@testes.com,pwd123
Icie Mills,icie.mills3125@testes.com,pwd123
Randolph Kulas,randolph.kulas3126@testes.com,pwd123
Annie Adams,annie.adams3127@testes.com,pwd123
Abdiel Hintz,abdiel.hintz3128@testes.com,pwd123
Jerry Hilpert,jerry.hilpert3129@testes.com,pwd123
Megane Gutkowski,megane.gutkowski3130@testes.com,pwd123
Kate Torphy,kate.torphy3131@testes.com,pwd123
Bert Welch,bert.welch3132@testes.com,pwd123
Kacey Schulist,kacey.schulist3133@testes.com,pwd123
Elmer Mann,elmer.mann3134@testes.com,pwd123
Johnny Huel,johnny.huel3135@testes.com,pwd123
Wilbur Stiedemann,wilbur.stiedemann3136@testes.com,pwd123
Claire Hilll,claire.hilll3137@testes.com,pwd123
Alisa Rau,alisa.rau3138@testes.com,pwd123
Bertram Greenholt,bertram.greenholt3139@testes.com,pwd123
Irvin Macejkovic,irvin.macejkovic3140@testes.com,pwd123
Roslyn Gulgowski,roslyn.gulgowski3141@testes.com,pwd123
Desmond Kshlerin,desmond.kshlerin3142@testes.com,pwd123
Roderick Bruen,roderick.bruen3143@testes.com,pwd123
Kristofer Pfeffer,kristofer.pfeffer3144@testes.com,pwd123
Edna Koelpin,edna.koelpin3145@testes.com,pwd123
Mamie Spencer,mamie.spencer3146@testes.com,pwd123
Schuyler Donnelly,schuyler.donnelly3147@testes.com,pwd123
Zackary Kulas,zackary.kulas3148@testes.com,pwd123
Abelardo Reichel,abelardo.reichel3149@testes.com,pwd123
Rey Schaden-Luettgen,rey.schaden-luettgen3150@testes.com,pwd123
Kristi Yost,kristi.yost3151@testes.com,pwd123
Camille Goyette,camille.goyette3152@testes.com,pwd123
Shelley Lang,shelley.lang3153@testes.com,pwd123
Aleen Dibbert,aleen.dibbert3154@testes.com,pwd123
Pete Kovacek,pete.kovacek3155@testes.com,pwd123
Joyce Adams,joyce.adams3156@testes.com,pwd123
Clayton Goodwin,clayton.goodwin3157@testes.com,pwd123
Leonor Ebert,leonor.ebert3158@testes.com,pwd123
Shaun Feil,shaun.feil3159@testes.com,pwd123
Cristal Lindgren,cristal.lindgren3160@testes.com,pwd123
Janice Dickinson,janice.dickinson3161@testes.com,pwd123
Miriam Hettinger,miriam.hettinger3162@testes.com,pwd123
Baron Bruen,baron.bruen3163@testes.com,pwd123
Marvin Huels,marvin.huels3164@testes.com,pwd123
Antwon Rempel,antwon.rempel3165@testes.com,pwd123
Troy Botsford,troy.botsford3166@testes.com,pwd123
Mary Hilll,mary.hilll3167@testes.com,pwd123
Kristoffer Macejkovic,kristoffer.macejkovic3168@testes.com,pwd123
Mike Wuckert,mike.wuckert3169@testes.com,pwd123
Lucas Friesen,lucas.friesen3170@testes.com,pwd123
Leatha McDermott,leatha.mcdermott3171@testes.com,pwd123
Holly Nikolaus,holly.nikolaus3172@testes.com,pwd123
Rogers Reichel-Bogisich,rogers.reichel-bogisich3173@testes.com,pwd123
Syble Breitenberg,syble.breitenberg3174@testes.com,pwd123
Aglae Cartwright,aglae.cartwright3175@testes.com,pwd123
Durward Zulauf,durward.zulauf3176@testes.com,pwd123
Jacinthe Smitham,jacinthe.smitham3177@testes.com,pwd123
Vicky Ebert,vicky.ebert3178@testes.com,pwd123
Eloise Fahey,eloise.fahey3179@testes.com,pwd123
Rylee Stroman-Wehner,rylee.stroman-wehner3180@testes.com,pwd123
Julio Mayert,julio.mayert3181@testes.com,pwd123
Bertha Simonis,bertha.simonis3182@testes.com,pwd123
Casandra Hahn,casandra.hahn3183@testes.com,pwd123
Rollin Maggio,rollin.maggio3184@testes.com,pwd123
Cecelia Koelpin,cecelia.koelpin3185@testes.com,pwd123
Ettie Gorczany,ettie.gorczany3186@testes.com,pwd123
Bob Keebler,bob.keebler3187@testes.com,pwd123
Clifford Gislason,clifford.gislason3188@testes.com,pwd123
Everette Treutel,everette.treutel3189@testes.com,pwd123
Edmund Spencer,edmund.spencer3190@testes.com,pwd123
Brianne Howell,brianne.howell3191@testes.com,pwd123
Chelsey Lemke,chelsey.lemke3192@testes.com,pwd123
Laney Dicki,laney.dicki3193@testes.com,pwd123
Lillie Hermann,lillie.hermann3194@testes.com,pwd123
Della Franecki,della.franecki3195@testes.com,pwd123
Izabella Cronin,izabella.cronin3196@testes.com,pwd123
Jamar Jacobson,jamar.jacobson3197@testes.com,pwd123
Merritt Leffler,merritt.leffler3198@testes.com,pwd123
Marlon Haag,marlon.haag3199@testes.com,pwd123
Harriet Walter,harriet.walter3200@testes.com,pwd123
Pierce Schiller,pierce.schiller3201@testes.com,pwd123
Shelia Will,shelia.will3202@testes.com,pwd123
Wendell Cassin,wendell.cassin3203@testes.com,pwd123
Rosemary Hagenes,rosemary.hagenes3204@testes.com,pwd123
Edison Schroeder-Bartell,edison.schroeder-bartell3205@testes.com,pwd123
Erika Grimes-Bernier,erika.grimes-bernier3206@testes.com,pwd123
George Blick,george.blick3207@testes.com,pwd123
Torrey Langosh,torrey.langosh3208@testes.com,pwd123
Camila Powlowski,camila.powlowski3209@testes.com,pwd123
Miriam Beer,miriam.beer3210@testes.com,pwd123
Damien Waters,damien.waters3211@testes.com,pwd123
Anita Veum,anita.veum3212@testes.com,pwd123
Isadore Daugherty,isadore.daugherty3213@testes.com,pwd123
Pearl Simonis,pearl.simonis3214@testes.com,pwd123
Stephanie Baumbach,stephanie.baumbach3215@testes.com,pwd123
Hilda Gerhold,hilda.gerhold3216@testes.com,pwd123
Judith Auer,judith.auer3217@testes.com,pwd123
Demario Borer,demario.borer3218@testes.com,pwd123
Lewis Purdy,lewis.purdy3219@testes.com,pwd123
Adrian Hamill,adrian.hamill3220@testes.com,pwd123
Edmond Nikolaus,edmond.nikolaus3221@testes.com,pwd123
Precious Dicki,precious.dicki3222@testes.com,pwd123
Hattie Lubowitz,hattie.lubowitz3223@testes.com,pwd123
Derrick Flatley,derrick.flatley3224@testes.com,pwd123
Remington Jerde,remington.jerde3225@testes.com,pwd123
Hertha Streich,hertha.streich3226@testes.com,pwd123
Brandi Bosco,brandi.bosco3227@testes.com,pwd123
Verna Langworth,verna.langworth3228@testes.com,pwd123
Elijah Swaniawski,elijah.swaniawski3229@testes.com,pwd123
Jeannette Blick,jeannette.blick3230@testes.com,pwd123
Dayne Flatley,dayne.flatley3231@testes.com,pwd123
Muhammad Breitenberg,muhammad.breitenberg3232@testes.com,pwd123
Tomas Carter,tomas.carter3233@testes.com,pwd123
Marian Nicolas,marian.nicolas3234@testes.com,pwd123
Joshua Little,joshua.little3235@testes.com,pwd123
Adrian Sauer,adrian.sauer3236@testes.com,pwd123
Jimmy Morissette-Green,jimmy.morissette-green3237@testes.com,pwd123
Zita Ullrich,zita.ullrich3238@testes.com,pwd123
Effie Johnson,effie.johnson3239@testes.com,pwd123
Sherri Trantow,sherri.trantow3240@testes.com,pwd123
Taryn Schultz,taryn.schultz3241@testes.com,pwd123
Sherry Wuckert,sherry.wuckert3242@testes.com,pwd123
Brenda Heller,brenda.heller3243@testes.com,pwd123
Arthur Stamm,arthur.stamm3244@testes.com,pwd123
Ramon Fahey,ramon.fahey3245@testes.com,pwd123
Stella Mann,stella.mann3246@testes.com,pwd123
Danny Pfeffer,danny.pfeffer3247@testes.com,pwd123
Jimmie Gleichner,jimmie.gleichner3248@testes.com,pwd123
Virgie Kessler,virgie.kessler3249@testes.com,pwd123
Kavon O'Conner,kavon.oconner3250@testes.com,pwd123
Myrtle Feeney,myrtle.feeney3251@testes.com,pwd123
Delia Corkery,delia.corkery3252@testes.com,pwd123
Rory Wisoky,rory.wisoky3253@testes.com,pwd123
Cheryl Gorczany,cheryl.gorczany3254@testes.com,pwd123
Esperanza Toy,esperanza.toy3255@testes.com,pwd123
Destany Dickinson,destany.dickinson3256@testes.com,pwd123
Freda Padberg,freda.padberg3257@testes.com,pwd123
Erik Lynch,erik.lynch3258@testes.com,pwd123
Julian Walter,julian.walter3259@testes.com,pwd123
Emely Kunde,emely.kunde3260@testes.com,pwd123
Domenica Howe,domenica.howe3261@testes.com,pwd123
Alison DuBuque,alison.dubuque3262@testes.com,pwd123
River DuBuque,river.dubuque3263@testes.com,pwd123
Mitchel Morissette,mitchel.morissette3264@testes.com,pwd123
Jack Corwin,jack.corwin3265@testes.com,pwd123
Howard Shanahan,howard.shanahan3266@testes.com,pwd123
Billy Johns,billy.johns3267@testes.com,pwd123
Barry Lebsack,barry.lebsack3268@testes.com,pwd123
Ricky Jacobson,ricky.jacobson3269@testes.com,pwd123
Frederick Purdy,frederick.purdy3270@testes.com,pwd123
Sarah Daugherty,sarah.daugherty3271@testes.com,pwd123
Ken Price,ken.price3272@testes.com,pwd123
Valentin Cruickshank,valentin.cruickshank3273@testes.com,pwd123
Oral Bashirian,oral.bashirian3274@testes.com,pwd123
Lennie Lesch,lennie.lesch3275@testes.com,pwd123
Hans Bahringer,hans.bahringer3276@testes.com,pwd123
Mustafa Williamson,mustafa.williamson3277@testes.com,pwd123
Dan Roob,dan.roob3278@testes.com,pwd123
Stephania Kreiger,stephania.kreiger3279@testes.com,pwd123
Margaret Trantow,margaret.trantow3280@testes.com,pwd123
Garrick Torp,garrick.torp3281@testes.com,pwd123
August Smitham-Funk,august.smitham-funk3282@testes.com,pwd123
Arthur Jacobs,arthur.jacobs3283@testes.com,pwd123
Raleigh Considine,raleigh.considine3284@testes.com,pwd123
Sophie Gislason,sophie.gislason3285@testes.com,pwd123
Ronnie Kunde,ronnie.kunde3286@testes.com,pwd123
Chanelle Hoeger,chanelle.hoeger3287@testes.com,pwd123
Blaze Durgan,blaze.durgan3288@testes.com,pwd123
Fredrick Pollich,fredrick.pollich3289@testes.com,pwd123
Betsy Gleichner,betsy.gleichner3290@testes.com,pwd123
Jayde Witting,jayde.witting3291@testes.com,pwd123
Myron Treutel,myron.treutel3292@testes.com,pwd123
Rosemary Rippin,rosemary.rippin3293@testes.com,pwd123
Ophelia Brakus,ophelia.brakus3294@testes.com,pwd123
Houston Legros,houston.legros3295@testes.com,pwd123
Shany Zulauf,shany.zulauf3296@testes.com,pwd123
Laurianne Boyle,laurianne.boyle3297@testes.com,pwd123
Bryce Hills,bryce.hills3298@testes.com,pwd123
Fabian Nader,fabian.nader3299@testes.com,pwd123
Richmond Morissette,richmond.morissette3300@testes.com,pwd123
Perry Jones,perry.jones3301@testes.com,pwd123
Ray Jerde-Strosin,ray.jerde-strosin3302@testes.com,pwd123
Clayton Kshlerin,clayton.kshlerin3303@testes.com,pwd123
Delia Monahan,delia.monahan3304@testes.com,pwd123
Savion Prohaska,savion.prohaska3305@testes.com,pwd123
Hudson Aufderhar,hudson.aufderhar3306@testes.com,pwd123
Betsy Kozey,betsy.kozey3307@testes.com,pwd123
Kiel Ratke,kiel.ratke3308@testes.com,pwd123
Dereck Armstrong,dereck.armstrong3309@testes.com,pwd123
Hadley Tromp,hadley.tromp3310@testes.com,pwd123
Brisa Cummerata,brisa.cummerata3311@testes.com,pwd123
Adriel Schaden,adriel.schaden3312@testes.com,pwd123
Jesus Paucek,jesus.paucek3313@testes.com,pwd123
Parker Hermiston,parker.hermiston3314@testes.com,pwd123
Ubaldo MacGyver,ubaldo.macgyver3315@testes.com,pwd123
Ariel Huels,ariel.huels3316@testes.com,pwd123
Alvena Pouros-Hackett,alvena.pouros-hackett3317@testes.com,pwd123
Micaela Gibson,micaela.gibson3318@testes.com,pwd123
Christine Murazik,christine.murazik3319@testes.com,pwd123
Myron Wolff,myron.wolff3320@testes.com,pwd123
Creola Schuster,creola.schuster3321@testes.com,pwd123
Brennon Denesik,brennon.denesik3322@testes.com,pwd123
Katie Jacobi,katie.jacobi3323@testes.com,pwd123
Nick O'Conner,nick.oconner3324@testes.com,pwd123
Jesse Morissette-Langworth,jesse.morissette-langworth3325@testes.com,pwd123
Tressa Gerhold,tressa.gerhold3326@testes.com,pwd123
Amie Willms,amie.willms3327@testes.com,pwd123
Dustin Hermiston-O'Keefe,dustin.hermiston-okeefe3328@testes.com,pwd123
Newell Crist,newell.crist3329@testes.com,pwd123
Julius Marvin,julius.marvin3330@testes.com,pwd123
Stewart Raynor,stewart.raynor3331@testes.com,pwd123
Donavon Herzog,donavon.herzog3332@testes.com,pwd123
Marlene Murazik,marlene.murazik3333@testes.com,pwd123
Edgar O'Keefe,edgar.okeefe3334@testes.com,pwd123
Carol Nolan,carol.nolan3335@testes.com,pwd123
Aimee Gislason,aimee.gislason3336@testes.com,pwd123
Ira Leffler,ira.leffler3337@testes.com,pwd123
Marcia Weimann,marcia.weimann3338@testes.com,pwd123
Alden Cummings,alden.cummings3339@testes.com,pwd123
Sidney Roberts-Mann,sidney.roberts-mann3340@testes.com,pwd123
Elyssa Kovacek,elyssa.kovacek3341@testes.com,pwd123
Marcella Robel,marcella.robel3342@testes.com,pwd123
Esmeralda Kertzmann-Cassin,esmeralda.kertzmann-cassin3343@testes.com,pwd123
Benny Abernathy,benny.abernathy3344@testes.com,pwd123
Leilani Abernathy,leilani.abernathy3345@testes.com,pwd123
Kelly Heathcote,kelly.heathcote3346@testes.com,pwd123
Pasquale Klein,pasquale.klein3347@testes.com,pwd123
Antoinette Ernser,antoinette.ernser3348@testes.com,pwd123
Arielle Altenwerth,arielle.altenwerth3349@testes.com,pwd123
Rogelio Kunze,rogelio.kunze3350@testes.com,pwd123
Jeannette Grady,jeannette.grady3351@testes.com,pwd123
Lon Fisher,lon.fisher3352@testes.com,pwd123
Roman Douglas,roman.douglas3353@testes.com,pwd123
Candace Fahey,candace.fahey3354@testes.com,pwd123
Alan Deckow-Huel,alan.deckow-huel3355@testes.com,pwd123
Patsy Olson,patsy.olson3356@testes.com,pwd123
Susana Runolfsdottir,susana.runolfsdottir3357@testes.com,pwd123
Krystal Konopelski,krystal.konopelski3358@testes.com,pwd123
Billie Reynolds,billie.reynolds3359@testes.com,pwd123
Liliane Shields,liliane.shields3360@testes.com,pwd123
Ruby Deckow,ruby.deckow3361@testes.com,pwd123
Julio Greenholt,julio.greenholt3362@testes.com,pwd123
Margarette Stehr,margarette.stehr3363@testes.com,pwd123
Willis Block,willis.block3364@testes.com,pwd123
Jayde Kulas,jayde.kulas3365@testes.com,pwd123
Emma Mitchell,emma.mitchell3366@testes.com,pwd123
Carl Hayes,carl.hayes3367@testes.com,pwd123
Clifton Schuppe,clifton.schuppe3368@testes.com,pwd123
Kristen Ernser,kristen.ernser3369@testes.com,pwd123
Elena Satterfield,elena.satterfield3370@testes.com,pwd123
William Crist,william.crist3371@testes.com,pwd123
Olga Bednar,olga.bednar3372@testes.com,pwd123
Liana Farrell,liana.farrell3373@testes.com,pwd123
Grace McClure,grace.mcclure3374@testes.com,pwd123
Marcus Stamm,marcus.stamm3375@testes.com,pwd123
Katlyn O'Hara,katlyn.ohara3376@testes.com,pwd123
Mabelle Cartwright,mabelle.cartwright3377@testes.com,pwd123
Julio Reynolds,julio.reynolds3378@testes.com,pwd123
Felix Deckow,felix.deckow3379@testes.com,pwd123
Oscar Schneider,oscar.schneider3380@testes.com,pwd123
Crystal Sanford,crystal.sanford3381@testes.com,pwd123
Genevieve Moen,genevieve.moen3382@testes.com,pwd123
Katrine Hudson,katrine.hudson3383@testes.com,pwd123
Lois Keeling,lois.keeling3384@testes.com,pwd123
Rose Becker,rose.becker3385@testes.com,pwd123
Bailee Reichert,bailee.reichert3386@testes.com,pwd123
Oral Leffler,oral.leffler3387@testes.com,pwd123
Franklin Kessler,franklin.kessler3388@testes.com,pwd123
Carmen Predovic,carmen.predovic3389@testes.com,pwd123
Curtis Nicolas,curtis.nicolas3390@testes.com,pwd123
Mary Lynch,mary.lynch3391@testes.com,pwd123
Marlon Ledner,marlon.ledner3392@testes.com,pwd123
Ona Lowe,ona.lowe3393@testes.com,pwd123
Geovanny Bergstrom,geovanny.bergstrom3394@testes.com,pwd123
Carlee Runolfsson,carlee.runolfsson3395@testes.com,pwd123
Freddy Jakubowski,freddy.jakubowski3396@testes.com,pwd123
Darnell Haley,darnell.haley3397@testes.com,pwd123
Brandyn Gleichner,brandyn.gleichner3398@testes.com,pwd123
Lillian Walter,lillian.walter3399@testes.com,pwd123
James Larkin,james.larkin3400@testes.com,pwd123
Crystal Schmidt-Schiller,crystal.schmidt-schiller3401@testes.com,pwd123
Owen Kemmer,owen.kemmer3402@testes.com,pwd123
Lola Rolfson,lola.rolfson3403@testes.com,pwd123
Justin Cole,justin.cole3404@testes.com,pwd123
Tabitha Weber,tabitha.weber3405@testes.com,pwd123
Eric Bergstrom,eric.bergstrom3406@testes.com,pwd123
Ernesto Hintz,ernesto.hintz3407@testes.com,pwd123
Adrienne Parisian,adrienne.parisian3408@testes.com,pwd123
Marlen Purdy,marlen.purdy3409@testes.com,pwd123
Opal Kutch,opal.kutch3410@testes.com,pwd123
Amos Zboncak,amos.zboncak3411@testes.com,pwd123
Lola Stanton,lola.stanton3412@testes.com,pwd123
Ivory Hoeger,ivory.hoeger3413@testes.com,pwd123
Candice Shanahan,candice.shanahan3414@testes.com,pwd123
Christie Rempel,christie.rempel3415@testes.com,pwd123
Chadrick Waelchi,chadrick.waelchi3416@testes.com,pwd123
Teresa Torp,teresa.torp3417@testes.com,pwd123
Ludie Beier,ludie.beier3418@testes.com,pwd123
Geoffrey Gleichner,geoffrey.gleichner3419@testes.com,pwd123
Lillie Cummerata,lillie.cummerata3420@testes.com,pwd123
Devon Daugherty,devon.daugherty3421@testes.com,pwd123
Wilhelm Moore,wilhelm.moore3422@testes.com,pwd123
Angelina Smith,angelina.smith3423@testes.com,pwd123
Ruben Harvey,ruben.harvey3424@testes.com,pwd123
Wilhelm Heller,wilhelm.heller3425@testes.com,pwd123
Faye Shanahan,faye.shanahan3426@testes.com,pwd123
Gilda Jerde,gilda.jerde3427@testes.com,pwd123
Jamar Bechtelar,jamar.bechtelar3428@testes.com,pwd123
Betty Feil,betty.feil3429@testes.com,pwd123
Otho Macejkovic,otho.macejkovic3430@testes.com,pwd123
Diego Ullrich,diego.ullrich3431@testes.com,pwd123
Jeremie Jakubowski,jeremie.jakubowski3432@testes.com,pwd123
Vernon Bergstrom,vernon.bergstrom3433@testes.com,pwd123
Margie Koch,margie.koch3434@testes.com,pwd123
Margaretta Keeling,margaretta.keeling3435@testes.com,pwd123
Clinton Buckridge,clinton.buckridge3436@testes.com,pwd123
Erwin Bartell,erwin.bartell3437@testes.com,pwd123
Jeffery Simonis,jeffery.simonis3438@testes.com,pwd123
Marcellus Kreiger,marcellus.kreiger3439@testes.com,pwd123
Gary Franecki,gary.franecki3440@testes.com,pwd123
Kendra Gleason,kendra.gleason3441@testes.com,pwd123
Joey Bins,joey.bins3442@testes.com,pwd123
Nat Fisher,nat.fisher3443@testes.com,pwd123
Novella Torphy,novella.torphy3444@testes.com,pwd123
Darrell Quitzon,darrell.quitzon3445@testes.com,pwd123
Rhonda Shanahan,rhonda.shanahan3446@testes.com,pwd123
Nadia Wolf,nadia.wolf3447@testes.com,pwd123
Rex Davis,rex.davis3448@testes.com,pwd123
Stevie Harvey,stevie.harvey3449@testes.com,pwd123
Novella Herman,novella.herman3450@testes.com,pwd123
Colton Oberbrunner,colton.oberbrunner3451@testes.com,pwd123
Melyssa Waelchi,melyssa.waelchi3452@testes.com,pwd123
Marty Turcotte,marty.turcotte3453@testes.com,pwd123
Monserrat Carter,monserrat.carter3454@testes.com,pwd123
Ewald Hermiston,ewald.hermiston3455@testes.com,pwd123
Delia Anderson,delia.anderson3456@testes.com,pwd123
Minerva Nienow,minerva.nienow3457@testes.com,pwd123
Karl Roob,karl.roob3458@testes.com,pwd123
Jill Emmerich,jill.emmerich3459@testes.com,pwd123
Viviane Carter,viviane.carter3460@testes.com,pwd123
Elvis Monahan,elvis.monahan3461@testes.com,pwd123
Ellis Jacobi,ellis.jacobi3462@testes.com,pwd123
Elaine Bogan,elaine.bogan3463@testes.com,pwd123
Angie Hahn,angie.hahn3464@testes.com,pwd123
Antoinette Carter,antoinette.carter3465@testes.com,pwd123
Wellington Weimann,wellington.weimann3466@testes.com,pwd123
Lynne Parisian,lynne.parisian3467@testes.com,pwd123
Bobbie Mayert,bobbie.mayert3468@testes.com,pwd123
Pedro Stehr,pedro.stehr3469@testes.com,pwd123
Grant Feil,grant.feil3470@testes.com,pwd123
Crystal Wilkinson,crystal.wilkinson3471@testes.com,pwd123
Minnie Ward,minnie.ward3472@testes.com,pwd123
Lorenz Kozey,lorenz.kozey3473@testes.com,pwd123
Javon Howe,javon.howe3474@testes.com,pwd123
Wilma Beier,wilma.beier3475@testes.com,pwd123
Dean Ziemann,dean.ziemann3476@testes.com,pwd123
Mohamed Streich,mohamed.streich3477@testes.com,pwd123
Bradford Haley,bradford.haley3478@testes.com,pwd123
Tatyana Rosenbaum,tatyana.rosenbaum3479@testes.com,pwd123
Jack Keebler,jack.keebler3480@testes.com,pwd123
Jamil Kautzer,jamil.kautzer3481@testes.com,pwd123
Shanel Hackett,shanel.hackett3482@testes.com,pwd123
Mohamed McDermott,mohamed.mcdermott3483@testes.com,pwd123
Kristopher Padberg,kristopher.padberg3484@testes.com,pwd123
Marlene Cartwright,marlene.cartwright3485@testes.com,pwd123
Maryann Stoltenberg,maryann.stoltenberg3486@testes.com,pwd123
Greg Schinner,greg.schinner3487@testes.com,pwd123
Harrison Zieme,harrison.zieme3488@testes.com,pwd123
Mabel Kerluke-Corwin,mabel.kerluke-corwin3489@testes.com,pwd123
Amy Gibson,amy.gibson3490@testes.com,pwd123
Lana Franey,lana.franey3491@testes.com,pwd123
Dwight Herzog,dwight.herzog3492@testes.com,pwd123
Coty Kunze,coty.kunze3493@testes.com,pwd123
Oran Dietrich,oran.dietrich3494@testes.com,pwd123
Marianne O'Keefe,marianne.okeefe3495@testes.com,pwd123
Elnora Bernier,elnora.bernier3496@testes.com,pwd123
Irene Casper,irene.casper3497@testes.com,pwd123
Jose Gulgowski,jose.gulgowski3498@testes.com,pwd123
Linnie Koch,linnie.koch3499@testes.com,pwd123
Ferne Kirlin-Hudson,ferne.kirlin-hudson3500@testes.com,pwd123
Matthew Tromp,matthew.tromp3501@testes.com,pwd123
Tierra Fadel,tierra.fadel3502@testes.com,pwd123
Justen Wintheiser,justen.wintheiser3503@testes.com,pwd123
Garrick Hackett,garrick.hackett3504@testes.com,pwd123
Vernon Bergstrom,vernon.bergstrom3505@testes.com,pwd123
Reagan Spencer,reagan.spencer3506@testes.com,pwd123
Stuart Aufderhar,stuart.aufderhar3507@testes.com,pwd123
Geovany O'Connell,geovany.oconnell3508@testes.com,pwd123
Lazaro Macejkovic,lazaro.macejkovic3509@testes.com,pwd123
Alonzo Macejkovic-Tremblay,alonzo.macejkovic-tremblay3510@testes.com,pwd123
Delaney Mosciski,delaney.mosciski3511@testes.com,pwd123
Louise Mante,louise.mante3512@testes.com,pwd123
Andrea Kiehn,andrea.kiehn3513@testes.com,pwd123
Kyla Wuckert,kyla.wuckert3514@testes.com,pwd123
Thomas Feil,thomas.feil3515@testes.com,pwd123
Sophie Schneider,sophie.schneider3516@testes.com,pwd123
Vincent Upton,vincent.upton3517@testes.com,pwd123
Elias Bahringer,elias.bahringer3518@testes.com,pwd123
Tanya Mosciski,tanya.mosciski3519@testes.com,pwd123
Marsha Abernathy,marsha.abernathy3520@testes.com,pwd123
Grant Blick,grant.blick3521@testes.com,pwd123
Micheal Yost,micheal.yost3522@testes.com,pwd123
Emmanuel Stokes,emmanuel.stokes3523@testes.com,pwd123
Ursula Champlin,ursula.champlin3524@testes.com,pwd123
Shyanne Prosacco,shyanne.prosacco3525@testes.com,pwd123
Brook Leuschke,brook.leuschke3526@testes.com,pwd123
Katherine Koch,katherine.koch3527@testes.com,pwd123
Tianna Farrell,tianna.farrell3528@testes.com,pwd123
Irma Schneider,irma.schneider3529@testes.com,pwd123
Kevon Block,kevon.block3530@testes.com,pwd123
Osvaldo Senger,osvaldo.senger3531@testes.com,pwd123
Jenna Kiehn,jenna.kiehn3532@testes.com,pwd123
Orland Johnston,orland.johnston3533@testes.com,pwd123
Malcolm D'Amore,malcolm.damore3534@testes.com,pwd123
Chelsea Yundt,chelsea.yundt3535@testes.com,pwd123
Lurline Reilly,lurline.reilly3536@testes.com,pwd123
Nicole Lockman,nicole.lockman3537@testes.com,pwd123
Leo Dare,leo.dare3538@testes.com,pwd123
Arlene Boehm-Prohaska,arlene.boehm-prohaska3539@testes.com,pwd123
Pink Johns,pink.johns3540@testes.com,pwd123
Judson Medhurst,judson.medhurst3541@testes.com,pwd123
Andy Doyle,andy.doyle3542@testes.com,pwd123
Jesus Armstrong,jesus.armstrong3543@testes.com,pwd123
Joy Abshire,joy.abshire3544@testes.com,pwd123
Ardith Von,ardith.von3545@testes.com,pwd123
Edyth Legros,edyth.legros3546@testes.com,pwd123
Oliver Feil,oliver.feil3547@testes.com,pwd123
Eula Auer,eula.auer3548@testes.com,pwd123
Lynn Russel,lynn.russel3549@testes.com,pwd123
Abdul Hand,abdul.hand3550@testes.com,pwd123
Kris Morar,kris.morar3551@testes.com,pwd123
Charlotte Blanda,charlotte.blanda3552@testes.com,pwd123
Barry Little,barry.little3553@testes.com,pwd123
Nichole Blick,nichole.blick3554@testes.com,pwd123
Stefanie Rolfson,stefanie.rolfson3555@testes.com,pwd123
Landen Okuneva,landen.okuneva3556@testes.com,pwd123
Dario Dietrich,dario.dietrich3557@testes.com,pwd123
Giovanni Prohaska,giovanni.prohaska3558@testes.com,pwd123
Carlie Ziemann,carlie.ziemann3559@testes.com,pwd123
Jo Smith,jo.smith3560@testes.com,pwd123
Mae Hudson,mae.hudson3561@testes.com,pwd123
Tyrell Jacobs,tyrell.jacobs3562@testes.com,pwd123
Dustin Nader,dustin.nader3563@testes.com,pwd123
Albertha Quitzon,albertha.quitzon3564@testes.com,pwd123
Alexane Hammes,alexane.hammes3565@testes.com,pwd123
Isaac Gerhold,isaac.gerhold3566@testes.com,pwd123
Wilbert Veum,wilbert.veum3567@testes.com,pwd123
Meghan Brown,meghan.brown3568@testes.com,pwd123
Macey Rowe,macey.rowe3569@testes.com,pwd123
Peter Corwin,peter.corwin3570@testes.com,pwd123
Janick Wiegand,janick.wiegand3571@testes.com,pwd123
Alan Rolfson,alan.rolfson3572@testes.com,pwd123
Muriel Schaefer,muriel.schaefer3573@testes.com,pwd123
Billie Hermiston,billie.hermiston3574@testes.com,pwd123
Zachary Feest,zachary.feest3575@testes.com,pwd123
Eunice Mueller,eunice.mueller3576@testes.com,pwd123
Madalyn Monahan,madalyn.monahan3577@testes.com,pwd123
Amy Schumm,amy.schumm3578@testes.com,pwd123
Hank Wiegand,hank.wiegand3579@testes.com,pwd123
Bette Robel,bette.robel3580@testes.com,pwd123
Jaime Williamson,jaime.williamson3581@testes.com,pwd123
Buddy Crona,buddy.crona3582@testes.com,pwd123
Lindsay Williamson,lindsay.williamson3583@testes.com,pwd123
Ezekiel Blanda,ezekiel.blanda3584@testes.com,pwd123
Leola Becker,leola.becker3585@testes.com,pwd123
Meredith Ratke,meredith.ratke3586@testes.com,pwd123
Alena Ritchie,alena.ritchie3587@testes.com,pwd123
Kavon Lueilwitz,kavon.lueilwitz3588@testes.com,pwd123
Edwina Borer,edwina.borer3589@testes.com,pwd123
Loretta Kessler,loretta.kessler3590@testes.com,pwd123
Greyson Kuhic,greyson.kuhic3591@testes.com,pwd123
Ruby Ledner,ruby.ledner3592@testes.com,pwd123
Hannah Hammes,hannah.hammes3593@testes.com,pwd123
Josiah Muller,josiah.muller3594@testes.com,pwd123
Alex Ernser,alex.ernser3595@testes.com,pwd123
Aaliyah Rempel,aaliyah.rempel3596@testes.com,pwd123
Orval Feeney,orval.feeney3597@testes.com,pwd123
Belinda Fadel,belinda.fadel3598@testes.com,pwd123
Kathy Brekke,kathy.brekke3599@testes.com,pwd123
Magdalena Kulas,magdalena.kulas3600@testes.com,pwd123
Chauncey Klein,chauncey.klein3601@testes.com,pwd123
Garry Beer,garry.beer3602@testes.com,pwd123
Glennie Wehner,glennie.wehner3603@testes.com,pwd123
Eloise Hintz,eloise.hintz3604@testes.com,pwd123
Nicolas Crist,nicolas.crist3605@testes.com,pwd123
Suzanne Harris,suzanne.harris3606@testes.com,pwd123
Carrie Barton,carrie.barton3607@testes.com,pwd123
Tamara Stracke,tamara.stracke3608@testes.com,pwd123
Hugo Yundt,hugo.yundt3609@testes.com,pwd123
Marvin Mayert,marvin.mayert3610@testes.com,pwd123
Concepcion DuBuque,concepcion.dubuque3611@testes.com,pwd123
Nina Jones,nina.jones3612@testes.com,pwd123
Elaine Leffler,elaine.leffler3613@testes.com,pwd123
Lucio Bruen,lucio.bruen3614@testes.com,pwd123
Devan Grant,devan.grant3615@testes.com,pwd123
Becky Reilly,becky.reilly3616@testes.com,pwd123
Eldridge Gislason-Boyer,eldridge.gislason-boyer3617@testes.com,pwd123
Joanne Lubowitz,joanne.lubowitz3618@testes.com,pwd123
Veronica Ratke,veronica.ratke3619@testes.com,pwd123
Shelia Ferry,shelia.ferry3620@testes.com,pwd123
Jayson Sawayn,jayson.sawayn3621@testes.com,pwd123
Ova Nicolas-Bode,ova.nicolas-bode3622@testes.com,pwd123
Glenda Kassulke,glenda.kassulke3623@testes.com,pwd123
Heloise Bednar,heloise.bednar3624@testes.com,pwd123
Isaiah Rowe,isaiah.rowe3625@testes.com,pwd123
Rickie Runolfsdottir,rickie.runolfsdottir3626@testes.com,pwd123
Scott Prosacco,scott.prosacco3627@testes.com,pwd123
Katherine Glover,katherine.glover3628@testes.com,pwd123
Jailyn Price-Murphy,jailyn.price-murphy3629@testes.com,pwd123
Martine Johnston,martine.johnston3630@testes.com,pwd123
Madisen Cormier,madisen.cormier3631@testes.com,pwd123
Abby Jacobs,abby.jacobs3632@testes.com,pwd123
Iris Rowe,iris.rowe3633@testes.com,pwd123
Melvin Franey,melvin.franey3634@testes.com,pwd123
Eve Kuvalis,eve.kuvalis3635@testes.com,pwd123
Ray McDermott,ray.mcdermott3636@testes.com,pwd123
Birdie Stroman,birdie.stroman3637@testes.com,pwd123
Freddie Reichert,freddie.reichert3638@testes.com,pwd123
Dayne Beatty,dayne.beatty3639@testes.com,pwd123
Vera Runte,vera.runte3640@testes.com,pwd123
Sarai Torphy,sarai.torphy3641@testes.com,pwd123
Violet Conroy,violet.conroy3642@testes.com,pwd123
Litzy Gibson,litzy.gibson3643@testes.com,pwd123
Bryant Hand,bryant.hand3644@testes.com,pwd123
Buck Von,buck.von3645@testes.com,pwd123
Brenden Haley,brenden.haley3646@testes.com,pwd123
Myrtle Baumbach-Lubowitz,myrtle.baumbach-lubowitz3647@testes.com,pwd123
Gene Nolan,gene.nolan3648@testes.com,pwd123
Polly Bogan,polly.bogan3649@testes.com,pwd123
Ethelyn O'Conner-Anderson,ethelyn.oconner-anderson3650@testes.com,pwd123
Landen Wyman,landen.wyman3651@testes.com,pwd123
Rylan Ferry,rylan.ferry3652@testes.com,pwd123
Felix White,felix.white3653@testes.com,pwd123
Andy Raynor,andy.raynor3654@testes.com,pwd123
Roselyn Altenwerth,roselyn.altenwerth3655@testes.com,pwd123
Ilene Boehm,ilene.boehm3656@testes.com,pwd123
Russell Barton-Denesik,russell.barton-denesik3657@testes.com,pwd123
Meggie Kerluke,meggie.kerluke3658@testes.com,pwd123
Cassandre Considine,cassandre.considine3659@testes.com,pwd123
Turner Weissnat,turner.weissnat3660@testes.com,pwd123
Bettie VonRueden,bettie.vonrueden3661@testes.com,pwd123
Emmalee Torp,emmalee.torp3662@testes.com,pwd123
Tonya Hermiston,tonya.hermiston3663@testes.com,pwd123
Breanne McGlynn,breanne.mcglynn3664@testes.com,pwd123
Beverly Spencer-Lemke,beverly.spencer-lemke3665@testes.com,pwd123
Ewald Zboncak,ewald.zboncak3666@testes.com,pwd123
Marshall Gutmann,marshall.gutmann3667@testes.com,pwd123
Icie Balistreri,icie.balistreri3668@testes.com,pwd123
Roberto Maggio,roberto.maggio3669@testes.com,pwd123
Stacey Smitham,stacey.smitham3670@testes.com,pwd123
Piper Quitzon,piper.quitzon3671@testes.com,pwd123
Amelia Prohaska-McClure,amelia.prohaska-mcclure3672@testes.com,pwd123
Derek Glover,derek.glover3673@testes.com,pwd123
Fannie Rempel,fannie.rempel3674@testes.com,pwd123
Billy Runte,billy.runte3675@testes.com,pwd123
Makayla Watsica,makayla.watsica3676@testes.com,pwd123
Henrietta Gorczany,henrietta.gorczany3677@testes.com,pwd123
Ernesto Turcotte,ernesto.turcotte3678@testes.com,pwd123
Todd Klocko,todd.klocko3679@testes.com,pwd123
Ezequiel Rosenbaum,ezequiel.rosenbaum3680@testes.com,pwd123
Bernice Kassulke,bernice.kassulke3681@testes.com,pwd123
Kraig Goodwin,kraig.goodwin3682@testes.com,pwd123
Ernestine Schoen,ernestine.schoen3683@testes.com,pwd123
Dax Langosh,dax.langosh3684@testes.com,pwd123
Katrina Halvorson,katrina.halvorson3685@testes.com,pwd123
Spencer Mante,spencer.mante3686@testes.com,pwd123
Howard Mante,howard.mante3687@testes.com,pwd123
Cristina Rogahn,cristina.rogahn3688@testes.com,pwd123
Rogelio Ortiz,rogelio.ortiz3689@testes.com,pwd123
Gloria McKenzie,gloria.mckenzie3690@testes.com,pwd123
Jeanne Mante,jeanne.mante3691@testes.com,pwd123
Tyra Oberbrunner,tyra.oberbrunner3692@testes.com,pwd123
Audrey Shanahan,audrey.shanahan3693@testes.com,pwd123
Caesar Bradtke,caesar.bradtke3694@testes.com,pwd123
Charlie Schultz,charlie.schultz3695@testes.com,pwd123
Elizabeth Ziemann,elizabeth.ziemann3696@testes.com,pwd123
Minerva Ritchie-Leuschke,minerva.ritchie-leuschke3697@testes.com,pwd123
Erma Hudson,erma.hudson3698@testes.com,pwd123
Sherry Ferry,sherry.ferry3699@testes.com,pwd123
Josiah Mante,josiah.mante3700@testes.com,pwd123
Braeden Kuhn,braeden.kuhn3701@testes.com,pwd123
Brandy Bernier,brandy.bernier3702@testes.com,pwd123
Gladys Hilpert,gladys.hilpert3703@testes.com,pwd123
Kristin Schmitt,kristin.schmitt3704@testes.com,pwd123
Kali Marks,kali.marks3705@testes.com,pwd123
Khalid Rippin,khalid.rippin3706@testes.com,pwd123
Devyn Abernathy,devyn.abernathy3707@testes.com,pwd123
Albertha Dickinson,albertha.dickinson3708@testes.com,pwd123
Julius Langworth,julius.langworth3709@testes.com,pwd123
Linnea Ebert,linnea.ebert3710@testes.com,pwd123
Austin Collier,austin.collier3711@testes.com,pwd123
Maxwell Wuckert,maxwell.wuckert3712@testes.com,pwd123
Ebony Jast,ebony.jast3713@testes.com,pwd123
Ivy Lueilwitz,ivy.lueilwitz3714@testes.com,pwd123
Braxton Reichert,braxton.reichert3715@testes.com,pwd123
Melinda Dicki,melinda.dicki3716@testes.com,pwd123
Sherri Wehner,sherri.wehner3717@testes.com,pwd123
Kristin Muller,kristin.muller3718@testes.com,pwd123
Rigoberto Cummerata,rigoberto.cummerata3719@testes.com,pwd123
Kade Schmidt,kade.schmidt3720@testes.com,pwd123
Rowan Medhurst,rowan.medhurst3721@testes.com,pwd123
Ladarius Bergstrom,ladarius.bergstrom3722@testes.com,pwd123
Keith Reichel,keith.reichel3723@testes.com,pwd123
Ignacio Rice,ignacio.rice3724@testes.com,pwd123
Amber Dickinson,amber.dickinson3725@testes.com,pwd123
Micheal Botsford,micheal.botsford3726@testes.com,pwd123
Bennett Tromp,bennett.tromp3727@testes.com,pwd123
Dwight Hintz,dwight.hintz3728@testes.com,pwd123
Ward Stracke,ward.stracke3729@testes.com,pwd123
Rachel Bashirian,rachel.bashirian3730@testes.com,pwd123
Emmalee Ondricka,emmalee.ondricka3731@testes.com,pwd123
Casey Hintz,casey.hintz3732@testes.com,pwd123
Tia Shanahan,tia.shanahan3733@testes.com,pwd123
Cary Blick,cary.blick3734@testes.com,pwd123
Miguel Fisher,miguel.fisher3735@testes.com,pwd123
Darnell Jacobs,darnell.jacobs3736@testes.com,pwd123
Lucienne Kautzer,lucienne.kautzer3737@testes.com,pwd123
Bertha McGlynn,bertha.mcglynn3738@testes.com,pwd123
Corbin Emmerich,corbin.emmerich3739@testes.com,pwd123
Joyce Mayer,joyce.mayer3740@testes.com,pwd123
Erwin Weimann,erwin.weimann3741@testes.com,pwd123
Donnell Tillman,donnell.tillman3742@testes.com,pwd123
Milford Kiehn,milford.kiehn3743@testes.com,pwd123
Rafael Brown,rafael.brown3744@testes.com,pwd123
Sue Stoltenberg,sue.stoltenberg3745@testes.com,pwd123
Neil Lowe,neil.lowe3746@testes.com,pwd123
Judson MacGyver,judson.macgyver3747@testes.com,pwd123
Vicenta Cassin,vicenta.cassin3748@testes.com,pwd123
Yasmin Mitchell,yasmin.mitchell3749@testes.com,pwd123
Magnus Considine,magnus.considine3750@testes.com,pwd123
Ephraim Abernathy,ephraim.abernathy3751@testes.com,pwd123
Ed Ryan,ed.ryan3752@testes.com,pwd123
Mamie Kuhn,mamie.kuhn3753@testes.com,pwd123
Courtney Erdman,courtney.erdman3754@testes.com,pwd123
Moriah Farrell,moriah.farrell3755@testes.com,pwd123
Kristin Wunsch-McClure,kristin.wunsch-mcclure3756@testes.com,pwd123
Miranda Herman,miranda.herman3757@testes.com,pwd123
Keely Crooks,keely.crooks3758@testes.com,pwd123
Beaulah Schumm-Kuphal,beaulah.schumm-kuphal3759@testes.com,pwd123
Angela Schumm,angela.schumm3760@testes.com,pwd123
Jaiden Baumbach,jaiden.baumbach3761@testes.com,pwd123
Nasir Abernathy,nasir.abernathy3762@testes.com,pwd123
Otto Hirthe,otto.hirthe3763@testes.com,pwd123
Jocelyn Watsica,jocelyn.watsica3764@testes.com,pwd123
Rosie Runte,rosie.runte3765@testes.com,pwd123
Catharine Harber,catharine.harber3766@testes.com,pwd123
Paula D'Amore,paula.damore3767@testes.com,pwd123
Mark Weimann,mark.weimann3768@testes.com,pwd123
Andrea Mosciski,andrea.mosciski3769@testes.com,pwd123
Madelynn Kertzmann,madelynn.kertzmann3770@testes.com,pwd123
Moshe Lindgren,moshe.lindgren3771@testes.com,pwd123
Paulette Kunde,paulette.kunde3772@testes.com,pwd123
Christie Bernier,christie.bernier3773@testes.com,pwd123
Essie Kreiger,essie.kreiger3774@testes.com,pwd123
Rashawn Langworth,rashawn.langworth3775@testes.com,pwd123
Alysson Kiehn,alysson.kiehn3776@testes.com,pwd123
Janice Donnelly,janice.donnelly3777@testes.com,pwd123
Adrienne Klein,adrienne.klein3778@testes.com,pwd123
Claire Kreiger,claire.kreiger3779@testes.com,pwd123
Richard Schuster,richard.schuster3780@testes.com,pwd123
Wanda Mertz,wanda.mertz3781@testes.com,pwd123
Lauretta Wiegand,lauretta.wiegand3782@testes.com,pwd123
Beth McCullough,beth.mccullough3783@testes.com,pwd123
Lenore Hirthe,lenore.hirthe3784@testes.com,pwd123
Kendall Will,kendall.will3785@testes.com,pwd123
Penelope Mueller,penelope.mueller3786@testes.com,pwd123
Molly Koch,molly.koch3787@testes.com,pwd123
Misty Moore,misty.moore3788@testes.com,pwd123
Lucia Considine,lucia.considine3789@testes.com,pwd123
Darryl Walsh,darryl.walsh3790@testes.com,pwd123
Lafayette Pacocha,lafayette.pacocha3791@testes.com,pwd123
Valentin Hirthe,valentin.hirthe3792@testes.com,pwd123
Amir Hoppe,amir.hoppe3793@testes.com,pwd123
Lydia Schuppe,lydia.schuppe3794@testes.com,pwd123
Tyrell Hintz,tyrell.hintz3795@testes.com,pwd123
Lucy Price,lucy.price3796@testes.com,pwd123
Brad Smith,brad.smith3797@testes.com,pwd123
Georgia Torphy,georgia.torphy3798@testes.com,pwd123
Jermaine Gulgowski,jermaine.gulgowski3799@testes.com,pwd123
Perry Rogahn,perry.rogahn3800@testes.com,pwd123
Sydney Shields,sydney.shields3801@testes.com,pwd123
Maximillia Mraz,maximillia.mraz3802@testes.com,pwd123
May Gusikowski,may.gusikowski3803@testes.com,pwd123
Cheyenne Goyette,cheyenne.goyette3804@testes.com,pwd123
Stacey Stracke,stacey.stracke3805@testes.com,pwd123
Misty Lockman,misty.lockman3806@testes.com,pwd123
Douglas Schowalter,douglas.schowalter3807@testes.com,pwd123
Kathryn MacGyver-Ullrich,kathryn.macgyver-ullrich3808@testes.com,pwd123
Angeline Bogisich,angeline.bogisich3809@testes.com,pwd123
Schuyler Kshlerin,schuyler.kshlerin3810@testes.com,pwd123
Katrina Kunde,katrina.kunde3811@testes.com,pwd123
Christelle Waelchi,christelle.waelchi3812@testes.com,pwd123
Lucinda Rau,lucinda.rau3813@testes.com,pwd123
Susanna Thompson,susanna.thompson3814@testes.com,pwd123
Bradley Jenkins,bradley.jenkins3815@testes.com,pwd123
Todd Howe,todd.howe3816@testes.com,pwd123
Rebecca Fahey,rebecca.fahey3817@testes.com,pwd123
Marlene Jenkins,marlene.jenkins3818@testes.com,pwd123
Lester Ernser,lester.ernser3819@testes.com,pwd123
Aletha Bartell,aletha.bartell3820@testes.com,pwd123
Emily Rosenbaum,emily.rosenbaum3821@testes.com,pwd123
Joy Prosacco,joy.prosacco3822@testes.com,pwd123
Duane Bartoletti,duane.bartoletti3823@testes.com,pwd123
Janie Labadie,janie.labadie3824@testes.com,pwd123
Edwin Abshire,edwin.abshire3825@testes.com,pwd123
Wilbur Hessel,wilbur.hessel3826@testes.com,pwd123
Melissa Breitenberg,melissa.breitenberg3827@testes.com,pwd123
Ida Schowalter,ida.schowalter3828@testes.com,pwd123
Taylor Rowe,taylor.rowe3829@testes.com,pwd123
Beverly Doyle,beverly.doyle3830@testes.com,pwd123
Ronald Greenholt,ronald.greenholt3831@testes.com,pwd123
Nick Schuppe,nick.schuppe3832@testes.com,pwd123
Shirley Huels,shirley.huels3833@testes.com,pwd123
Wilbur Lubowitz,wilbur.lubowitz3834@testes.com,pwd123
Garnett Schaefer,garnett.schaefer3835@testes.com,pwd123
Hugh Weimann,hugh.weimann3836@testes.com,pwd123
Pearl O'Hara,pearl.ohara3837@testes.com,pwd123
Roselyn Moore,roselyn.moore3838@testes.com,pwd123
Naomie Predovic,naomie.predovic3839@testes.com,pwd123
Margie Goodwin,margie.goodwin3840@testes.com,pwd123
Crystal Schamberger,crystal.schamberger3841@testes.com,pwd123
Laurianne Jacobson,laurianne.jacobson3842@testes.com,pwd123
Lynda Homenick,lynda.homenick3843@testes.com,pwd123
Kirsten Harris,kirsten.harris3844@testes.com,pwd123
Elijah Pollich,elijah.pollich3845@testes.com,pwd123
Jo Gleason,jo.gleason3846@testes.com,pwd123
Ebony Kuphal,ebony.kuphal3847@testes.com,pwd123
Norwood Pagac,norwood.pagac3848@testes.com,pwd123
Patti Mills,patti.mills3849@testes.com,pwd123
Gerardo Lockman,gerardo.lockman3850@testes.com,pwd123
Lloyd Graham,lloyd.graham3851@testes.com,pwd123
Jessika Rice,jessika.rice3852@testes.com,pwd123
Caleb Cruickshank,caleb.cruickshank3853@testes.com,pwd123
Stella Hayes,stella.hayes3854@testes.com,pwd123
Teresa Renner,teresa.renner3855@testes.com,pwd123
Priscilla Wuckert,priscilla.wuckert3856@testes.com,pwd123
Bennie Will,bennie.will3857@testes.com,pwd123
Ara Nicolas,ara.nicolas3858@testes.com,pwd123
Danielle Goldner,danielle.goldner3859@testes.com,pwd123
Jeannette Towne,jeannette.towne3860@testes.com,pwd123
Lila Haley,lila.haley3861@testes.com,pwd123
Kellie Kautzer,kellie.kautzer3862@testes.com,pwd123
Katelyn Franecki,katelyn.franecki3863@testes.com,pwd123
Arnold Armstrong,arnold.armstrong3864@testes.com,pwd123
Juana Hackett,juana.hackett3865@testes.com,pwd123
Matilda Hickle,matilda.hickle3866@testes.com,pwd123
Cruz Bernier,cruz.bernier3867@testes.com,pwd123
Eusebio Schowalter,eusebio.schowalter3868@testes.com,pwd123
Brooks Kovacek,brooks.kovacek3869@testes.com,pwd123
Gustavo Erdman,gustavo.erdman3870@testes.com,pwd123
Ida Prohaska,ida.prohaska3871@testes.com,pwd123
Erica Kshlerin,erica.kshlerin3872@testes.com,pwd123
Hailey West,hailey.west3873@testes.com,pwd123
Cordelia Grant,cordelia.grant3874@testes.com,pwd123
Reginald Lockman,reginald.lockman3875@testes.com,pwd123
Maria Kling,maria.kling3876@testes.com,pwd123
Lindsey Shanahan,lindsey.shanahan3877@testes.com,pwd123
Cullen Parker,cullen.parker3878@testes.com,pwd123
Cullen Lubowitz,cullen.lubowitz3879@testes.com,pwd123
Maximillian McGlynn,maximillian.mcglynn3880@testes.com,pwd123
Alma Fay,alma.fay3881@testes.com,pwd123
Dave Buckridge,dave.buckridge3882@testes.com,pwd123
Hattie Goldner,hattie.goldner3883@testes.com,pwd123
Jay Stehr,jay.stehr3884@testes.com,pwd123
Kristie Beahan,kristie.beahan3885@testes.com,pwd123
Cassie Monahan-Huels,cassie.monahan-huels3886@testes.com,pwd123
Austen Howell,austen.howell3887@testes.com,pwd123
Otis McLaughlin,otis.mclaughlin3888@testes.com,pwd123
Fae Bailey,fae.bailey3889@testes.com,pwd123
Mamie Jones,mamie.jones3890@testes.com,pwd123
Zander Abshire,zander.abshire3891@testes.com,pwd123
Alfredo McLaughlin,alfredo.mclaughlin3892@testes.com,pwd123
Muriel Borer-Little,muriel.borer-little3893@testes.com,pwd123
Kathryn Kovacek,kathryn.kovacek3894@testes.com,pwd123
Benedict Purdy-Morar,benedict.purdy-morar3895@testes.com,pwd123
Ricky Batz,ricky.batz3896@testes.com,pwd123
Rylan Cartwright,rylan.cartwright3897@testes.com,pwd123
Nelson Braun,nelson.braun3898@testes.com,pwd123
Ofelia Breitenberg,ofelia.breitenberg3899@testes.com,pwd123
Levi Barrows,levi.barrows3900@testes.com,pwd123
Hobart Robel,hobart.robel3901@testes.com,pwd123
Alvera Dickinson,alvera.dickinson3902@testes.com,pwd123
Jerod Ledner,jerod.ledner3903@testes.com,pwd123
Carmine Fahey,carmine.fahey3904@testes.com,pwd123
Dameon Kozey,dameon.kozey3905@testes.com,pwd123
Treva Maggio,treva.maggio3906@testes.com,pwd123
Alfonso Keeling,alfonso.keeling3907@testes.com,pwd123
Brian Grimes,brian.grimes3908@testes.com,pwd123
Mattie Walsh,mattie.walsh3909@testes.com,pwd123
Della Heidenreich,della.heidenreich3910@testes.com,pwd123
Orie Emard,orie.emard3911@testes.com,pwd123
Cole Erdman,cole.erdman3912@testes.com,pwd123
Haley Ritchie,haley.ritchie3913@testes.com,pwd123
Mindy Tremblay,mindy.tremblay3914@testes.com,pwd123
Brendan Blanda,brendan.blanda3915@testes.com,pwd123
Ruben Kunze,ruben.kunze3916@testes.com,pwd123
Luke Aufderhar,luke.aufderhar3917@testes.com,pwd123
Louis Conn,louis.conn3918@testes.com,pwd123
Desiree Fadel,desiree.fadel3919@testes.com,pwd123
Deonte Walker,deonte.walker3920@testes.com,pwd123
Mamie Runolfsson,mamie.runolfsson3921@testes.com,pwd123
Tara Franey,tara.franey3922@testes.com,pwd123
Lowell Farrell,lowell.farrell3923@testes.com,pwd123
Kristi Luettgen,kristi.luettgen3924@testes.com,pwd123
Sammy Walsh,sammy.walsh3925@testes.com,pwd123
Rosetta Lesch,rosetta.lesch3926@testes.com,pwd123
Alice Hoeger,alice.hoeger3927@testes.com,pwd123
Jana Keebler,jana.keebler3928@testes.com,pwd123
Tillman Cronin,tillman.cronin3929@testes.com,pwd123
Ricky Denesik,ricky.denesik3930@testes.com,pwd123
Loretta Feeney,loretta.feeney3931@testes.com,pwd123
Duane Schuster-Jenkins,duane.schuster-jenkins3932@testes.com,pwd123
Donavon Maggio,donavon.maggio3933@testes.com,pwd123
Pablo Conroy,pablo.conroy3934@testes.com,pwd123
Mindy DuBuque,mindy.dubuque3935@testes.com,pwd123
Alvin Rath,alvin.rath3936@testes.com,pwd123
John Harber,john.harber3937@testes.com,pwd123
Brennon Kassulke,brennon.kassulke3938@testes.com,pwd123
Elmo Borer-Stiedemann,elmo.borer-stiedemann3939@testes.com,pwd123
Erika Orn,erika.orn3940@testes.com,pwd123
Jannie Nicolas,jannie.nicolas3941@testes.com,pwd123
Loyce Windler-Daugherty,loyce.windler-daugherty3942@testes.com,pwd123
Rodger Mayert,rodger.mayert3943@testes.com,pwd123
Gladys Hirthe,gladys.hirthe3944@testes.com,pwd123
Sanford Hettinger,sanford.hettinger3945@testes.com,pwd123
Cecelia McLaughlin,cecelia.mclaughlin3946@testes.com,pwd123
Reece Franecki,reece.franecki3947@testes.com,pwd123
Karen Kuvalis,karen.kuvalis3948@testes.com,pwd123
Jalen Buckridge,jalen.buckridge3949@testes.com,pwd123
Bartholome Nikolaus-Maggio,bartholome.nikolaus-maggio3950@testes.com,pwd123
Tommie Witting,tommie.witting3951@testes.com,pwd123
Damian Goyette,damian.goyette3952@testes.com,pwd123
Tony Gutmann,tony.gutmann3953@testes.com,pwd123
Rose Yundt,rose.yundt3954@testes.com,pwd123
Cecil Farrell,cecil.farrell3955@testes.com,pwd123
Bridget Orn,bridget.orn3956@testes.com,pwd123
Lynette Ankunding,lynette.ankunding3957@testes.com,pwd123
Hallie Leffler,hallie.leffler3958@testes.com,pwd123
Sydni Deckow,sydni.deckow3959@testes.com,pwd123
Spencer Schinner,spencer.schinner3960@testes.com,pwd123
Eloise Crooks-Hilll,eloise.crooks-hilll3961@testes.com,pwd123
Mara McCullough-O'Hara,mara.mccullough-ohara3962@testes.com,pwd123
Lilla Bergstrom,lilla.bergstrom3963@testes.com,pwd123
Malinda Schuppe,malinda.schuppe3964@testes.com,pwd123
Sterling Hyatt,sterling.hyatt3965@testes.com,pwd123
Giovanna Weimann,giovanna.weimann3966@testes.com,pwd123
Jerald Hahn,jerald.hahn3967@testes.com,pwd123
Clarence Nienow-Conn,clarence.nienow-conn3968@testes.com,pwd123
Dortha Hand,dortha.hand3969@testes.com,pwd123
Marley Jacobson,marley.jacobson3970@testes.com,pwd123
Geraldine Rau,geraldine.rau3971@testes.com,pwd123
Alex Howell,alex.howell3972@testes.com,pwd123
Theresa Erdman,theresa.erdman3973@testes.com,pwd123
Opal Gottlieb,opal.gottlieb3974@testes.com,pwd123
Percival Wilderman,percival.wilderman3975@testes.com,pwd123
Sonia Rodriguez,sonia.rodriguez3976@testes.com,pwd123
Nikolas Blanda,nikolas.blanda3977@testes.com,pwd123
Ashley Hayes,ashley.hayes3978@testes.com,pwd123
Darren Grant,darren.grant3979@testes.com,pwd123
Rudy Schimmel,rudy.schimmel3980@testes.com,pwd123
Barton Hessel,barton.hessel3981@testes.com,pwd123
Louise Corwin-Boyle,louise.corwin-boyle3982@testes.com,pwd123
Shelia Nitzsche,shelia.nitzsche3983@testes.com,pwd123
Glen Tillman,glen.tillman3984@testes.com,pwd123
Felicia Metz,felicia.metz3985@testes.com,pwd123
Otilia Bartoletti,otilia.bartoletti3986@testes.com,pwd123
Urban Kihn,urban.kihn3987@testes.com,pwd123
Oswald Stroman,oswald.stroman3988@testes.com,pwd123
Geo Windler,geo.windler3989@testes.com,pwd123
Loyal Schuppe-Hamill,loyal.schuppe-hamill3990@testes.com,pwd123
Darin Hegmann,darin.hegmann3991@testes.com,pwd123
Serena Franecki,serena.franecki3992@testes.com,pwd123
Matthew Carroll,matthew.carroll3993@testes.com,pwd123
Ida Cruickshank,ida.cruickshank3994@testes.com,pwd123
Sue Padberg,sue.padberg3995@testes.com,pwd123
Sanford Kreiger,sanford.kreiger3996@testes.com,pwd123
Ernest Schinner,ernest.schinner3997@testes.com,pwd123
Vicky Upton,vicky.upton3998@testes.com,pwd123
Bridgette Weissnat,bridgette.weissnat3999@testes.com,pwd123
Lindsay Murphy,lindsay.murphy4000@testes.com,pwd123